ᐁ,oo,1000000,auto
ᐃ,o,1000000,auto
ᐅ,u,1000000,auto
ᐈ,e,1000000,auto
ᐉ,i,1000000,auto
ᐊ,a,1000000,auto
ᐟ,k,1000000,auto
ᐠ,k,1000000,auto
ᐣ,n,1000000,auto
ᐤ,w,1000000,auto
ᐥ,kh,1000000,auto
ᐦ,gh,1000000,auto
ᐧ,',1000000,auto
ᐩ,r,1000000,auto
ᐪ,t,1000000,auto
ᐯ,hoo,1000000,auto
ᐱ,ho,1000000,auto
ᐳ,hu,1000000,auto
ᐶ,he,1000000,auto
ᐷ,hi,1000000,auto
ᐸ,ha,1000000,auto
ᑊ,l,1000000,auto
ᑋ,h,1000000,auto
ᑌ,doo,1000000,auto
ᑎ,do,1000000,auto
ᑐ,du,1000000,auto
ᑓ,de,1000000,auto
ᑔ,di,1000000,auto
ᑕ,da,1000000,auto
ᒄ,kw,1000000,auto
ᒡ,lh,1000000,auto
ᒼ,m,1000000,auto
ᓑ,ng,1000000,auto
ᔆ,s,1000000,auto
ᗄ,khoo,1000000,auto
ᗅ,kho,1000000,auto
ᗆ,khu,1000000,auto
ᗇ,khe,1000000,auto
ᗈ,khi,1000000,auto
ᗉ,kha,1000000,auto
ᗊ,ghoo,1000000,auto
ᗋ,gho,1000000,auto
ᗌ,ghu,1000000,auto
ᗍ,ghe,1000000,auto
ᗎ,ghi,1000000,auto
ᗏ,gha,1000000,auto
ᗐ,woo,1000000,auto
ᗑ,wo,1000000,auto
ᗒ,wu,1000000,auto
ᗓ,we,1000000,auto
ᗔ,wi,1000000,auto
ᗕ,wa,1000000,auto
ᗖ,whoo,1000000,auto
ᗗ,who,1000000,auto
ᗘ,whu,1000000,auto
ᗙ,whe,1000000,auto
ᗚ,whi,1000000,auto
ᗛ,wha,1000000,auto
ᗜ,too,1000000,auto
ᗝ,to,1000000,auto
ᗞ,tu,1000000,auto
ᗟ,te,1000000,auto
ᗠ,ti,1000000,auto
ᗡ,ta,1000000,auto
ᗢ,t'oo,1000000,auto
ᗣ,t'o,1000000,auto
ᗤ,t'u,1000000,auto
ᗥ,t'e,1000000,auto
ᗦ,t'i,1000000,auto
ᗧ,t'a,1000000,auto
ᗨ,boo,1000000,auto
ᗩ,bo,1000000,auto
ᗪ,bu,1000000,auto
ᗫ,be,1000000,auto
ᗬ,bi,1000000,auto
ᗭ,ba,1000000,auto
ᗮ,b,1000000,auto
ᗯ,goo,1000000,auto
ᗰ,go,1000000,auto
ᗱ,gu,1000000,auto
ᗲ,ge,1000000,auto
ᗳ,gi,1000000,auto
ᗴ,ga,1000000,auto
ᗵ,koo,1000000,auto
ᗶ,ko,1000000,auto
ᗷ,ku,1000000,auto
ᗸ,ke,1000000,auto
ᗹ,ki,1000000,auto
ᗺ,ka,1000000,auto
ᗻ,k'oo,1000000,auto
ᗼ,k'o,1000000,auto
ᗽ,k'u,1000000,auto
ᗾ,k'e,1000000,auto
ᗿ,k'i,1000000,auto
ᘀ,k'a,1000000,auto
ᘁ,k',1000000,auto
ᘂ,noo,1000000,auto
ᘃ,no,1000000,auto
ᘄ,nu,1000000,auto
ᘅ,ne,1000000,auto
ᘆ,ni,1000000,auto
ᘇ,na,1000000,auto
ᘈ,moo,1000000,auto
ᘉ,mo,1000000,auto
ᘊ,mu,1000000,auto
ᘋ,me,1000000,auto
ᘌ,mi,1000000,auto
ᘍ,ma,1000000,auto
ᘎ,yoo,1000000,auto
ᘏ,yo,1000000,auto
ᘐ,yu,1000000,auto
ᘑ,ye,1000000,auto
ᘒ,yi,1000000,auto
ᘓ,ya,1000000,auto
ᘔ,joo,1000000,auto
ᘖ,jo,1000000,auto
ᘗ,ju,1000000,auto
ᘘ,je,1000000,auto
ᘙ,ji,1000000,auto
ᘛ,ja,1000000,auto
ᘜ,ch'oo,1000000,auto
ᘝ,ch'o,1000000,auto
ᘞ,ch'u,1000000,auto
ᘟ,ch'e,1000000,auto
ᘠ,ch'i,1000000,auto
ᘡ,ch'a,1000000,auto
ᘢ,loo,1000000,auto
ᘣ,lo,1000000,auto
ᘤ,lu,1000000,auto
ᘥ,le,1000000,auto
ᘦ,li,1000000,auto
ᘧ,la,1000000,auto
ᘨ,dloo,1000000,auto
ᘩ,dlo,1000000,auto
ᘪ,dlu,1000000,auto
ᘫ,dle,1000000,auto
ᘬ,dli,1000000,auto
ᘭ,dla,1000000,auto
ᘮ,lhoo,1000000,auto
ᘯ,lho,1000000,auto
ᘰ,lhu,1000000,auto
ᘱ,lhe,1000000,auto
ᘲ,lhi,1000000,auto
ᘳ,lha,1000000,auto
ᘴ,tloo,1000000,auto
ᘵ,tlo,1000000,auto
ᘶ,tlu,1000000,auto
ᘷ,tle,1000000,auto
ᘸ,tli,1000000,auto
ᘹ,tla,1000000,auto
ᘺ,tl'oo,1000000,auto
ᘻ,tl'o,1000000,auto
ᘼ,tl'u,1000000,auto
ᘽ,tl'e,1000000,auto
ᘾ,tl'i,1000000,auto
ᘿ,tl'a,1000000,auto
ᙀ,zoo,1000000,auto
ᙁ,zo,1000000,auto
ᙂ,zu,1000000,auto
ᙃ,ze,1000000,auto
ᙄ,zi,1000000,auto
ᙅ,za,1000000,auto
ᙆ,z,1000000,auto
ᙇ,ẕ,1000000,auto
ᙈ,dzoo,1000000,auto
ᙉ,dzo,1000000,auto
ᙊ,dzu,1000000,auto
ᙋ,dze,1000000,auto
ᙌ,dzi,1000000,auto
ᙍ,dza,1000000,auto
ᙎ,soo,1000000,auto
ᙏ,so,1000000,auto
ᙐ,su,1000000,auto
ᙑ,se,1000000,auto
ᙒ,si,1000000,auto
ᙓ,sa,1000000,auto
ᙔ,shoo,1000000,auto
ᙕ,sho,1000000,auto
ᙖ,shu,1000000,auto
ᙗ,she,1000000,auto
ᙘ,shi,1000000,auto
ᙙ,sha,1000000,auto
ᙚ,sh,1000000,auto
ᙛ,choo,1000000,auto
ᙜ,cho,1000000,auto
ᙝ,chu,1000000,auto
ᙞ,che,1000000,auto
ᙟ,chi,1000000,auto
ᙠ,cha,1000000,auto
ᙡ,tsoo,1000000,auto
ᙢ,tso,1000000,auto
ᙣ,tsu,1000000,auto
ᙤ,tse,1000000,auto
ᙥ,tsi,1000000,auto
ᙦ,tsa,1000000,auto
ᙧ,ts'oo,1000000,auto
ᙨ,ts'o,1000000,auto
ᙩ,ts'u,1000000,auto
ᙪ,ts'e,1000000,auto
ᙫ,ts'i,1000000,auto
ᙬ,ts'a,1000000,auto
ᣵ,s̲,1000000,auto
