ａ１,ā
ａ２,á
ａ３,ǎ
ａ４,à
ａ５,a
ａｉ１,āi
ａｉ２,ái
ａｉ３,ǎi
ａｉ４,ài
ａｉ５,ai
ａｎ１,ān
ａｎ２,án
ａｎ３,ǎn
ａｎ４,àn
ａｎ５,an
ａｎｇ１,āng
ａｎｇ２,áng
ａｎｇ３,ǎng
ａｎｇ４,àng
ａｎｇ５,ang
ａｏ１,āo
ａｏ２,áo
ａｏ３,ǎo
ａｏ４,ào
ａｏ５,ao
ｂａ１,bā
ｂａ２,bá
ｂａ３,bǎ
ｂａ４,bà
ｂａ５,ba
ｂａｉ１,bāi
ｂａｉ２,bái
ｂａｉ３,bǎi
ｂａｉ４,bài
ｂａｉ５,bai
ｂａｎ１,bān
ｂａｎ２,bán
ｂａｎ３,bǎn
ｂａｎ４,bàn
ｂａｎ５,ban
ｂａｎｇ１,bāng
ｂａｎｇ２,báng
ｂａｎｇ３,bǎng
ｂａｎｇ４,bàng
ｂａｎｇ５,bang
ｂａｏ１,bāo
ｂａｏ２,báo
ｂａｏ３,bǎo
ｂａｏ４,bào
ｂａｏ５,bao
ｂｅｉ１,bēi
ｂｅｉ２,béi
ｂｅｉ３,běi
ｂｅｉ４,bèi
ｂｅｉ５,bei
ｂｅｎ１,bēn
ｂｅｎ２,bén
ｂｅｎ３,běn
ｂｅｎ４,bèn
ｂｅｎ５,ben
ｂｅｎｇ１,bēng
ｂｅｎｇ２,béng
ｂｅｎｇ３,běng
ｂｅｎｇ４,bèng
ｂｅｎｇ５,beng
ｂｉ１,bī
ｂｉ２,bí
ｂｉ３,bǐ
ｂｉ４,bì
ｂｉ５,bi
ｂｉａｎ１,biān
ｂｉａｎ２,bián
ｂｉａｎ３,biǎn
ｂｉａｎ４,biàn
ｂｉａｎ５,bian
ｂｉａｎｇ１,biāng
ｂｉａｎｇ２,biáng
ｂｉａｎｇ３,biǎng
ｂｉａｎｇ４,biàng
ｂｉａｎｇ５,biang
ｂｉａｏ１,biāo
ｂｉａｏ２,biáo
ｂｉａｏ３,biǎo
ｂｉａｏ４,biào
ｂｉａｏ５,biao
ｂｉｅ１,biē
ｂｉｅ２,bié
ｂｉｅ３,biě
ｂｉｅ４,biè
ｂｉｅ５,bie
ｂｉｎ１,bīn
ｂｉｎ２,bín
ｂｉｎ３,bǐn
ｂｉｎ４,bìn
ｂｉｎ５,bin
ｂｉｎｇ１,bīng
ｂｉｎｇ２,bíng
ｂｉｎｇ３,bǐng
ｂｉｎｇ４,bìng
ｂｉｎｇ５,bing
ｂｏ１,bō
ｂｏ２,bó
ｂｏ３,bǒ
ｂｏ４,bò
ｂｏ５,bo
ｂｏｎｇ１,bōng
ｂｏｎｇ２,bóng
ｂｏｎｇ３,bǒng
ｂｏｎｇ４,bòng
ｂｏｎｇ５,bong
ｂｕ１,bū
ｂｕ２,bú
ｂｕ３,bǔ
ｂｕ４,bù
ｂｕ５,bu
ｃａ１,cā
ｃａ２,cá
ｃａ３,cǎ
ｃａ４,cà
ｃａ５,ca
ｃａｉ１,cāi
ｃａｉ２,cái
ｃａｉ３,cǎi
ｃａｉ４,cài
ｃａｉ５,cai
ｃａｎ１,cān
ｃａｎ２,cán
ｃａｎ３,cǎn
ｃａｎ４,càn
ｃａｎ５,can
ｃａｎｇ１,cāng
ｃａｎｇ２,cáng
ｃａｎｇ３,cǎng
ｃａｎｇ４,càng
ｃａｎｇ５,cang
ｃａｏ１,cāo
ｃａｏ２,cáo
ｃａｏ３,cǎo
ｃａｏ４,cào
ｃａｏ５,cao
ｃｅ１,cē
ｃｅ２,cé
ｃｅ３,cě
ｃｅ４,cè
ｃｅ５,ce
ｃｅｉ１,cēi
ｃｅｉ２,céi
ｃｅｉ３,cěi
ｃｅｉ４,cèi
ｃｅｉ５,cei
ｃｅｎ１,cēn
ｃｅｎ２,cén
ｃｅｎ３,cěn
ｃｅｎ４,cèn
ｃｅｎ５,cen
ｃｅｎｇ１,cēng
ｃｅｎｇ２,céng
ｃｅｎｇ３,cěng
ｃｅｎｇ４,cèng
ｃｅｎｇ５,ceng
ｃｈａ１,chā
ｃｈａ２,chá
ｃｈａ３,chǎ
ｃｈａ４,chà
ｃｈａ５,cha
ｃｈａｉ１,chāi
ｃｈａｉ２,chái
ｃｈａｉ３,chǎi
ｃｈａｉ４,chài
ｃｈａｉ５,chai
ｃｈａｎ１,chān
ｃｈａｎ２,chán
ｃｈａｎ３,chǎn
ｃｈａｎ４,chàn
ｃｈａｎ５,chan
ｃｈａｎｇ１,chāng
ｃｈａｎｇ２,cháng
ｃｈａｎｇ３,chǎng
ｃｈａｎｇ４,chàng
ｃｈａｎｇ５,chang
ｃｈａｏ１,chāo
ｃｈａｏ２,cháo
ｃｈａｏ３,chǎo
ｃｈａｏ４,chào
ｃｈａｏ５,chao
ｃｈｅ１,chē
ｃｈｅ２,ché
ｃｈｅ３,chě
ｃｈｅ４,chè
ｃｈｅ５,che
ｃｈｅｎ１,chēn
ｃｈｅｎ２,chén
ｃｈｅｎ３,chěn
ｃｈｅｎ４,chèn
ｃｈｅｎ５,chen
ｃｈｅｎｇ１,chēng
ｃｈｅｎｇ２,chéng
ｃｈｅｎｇ３,chěng
ｃｈｅｎｇ４,chèng
ｃｈｅｎｇ５,cheng
ｃｈｉ１,chī
ｃｈｉ２,chí
ｃｈｉ３,chǐ
ｃｈｉ４,chì
ｃｈｉ５,chi
ｃｈｏｎｇ１,chōng
ｃｈｏｎｇ２,chóng
ｃｈｏｎｇ３,chǒng
ｃｈｏｎｇ４,chòng
ｃｈｏｎｇ５,chong
ｃｈｏｕ１,chōu
ｃｈｏｕ２,chóu
ｃｈｏｕ３,chǒu
ｃｈｏｕ４,chòu
ｃｈｏｕ５,chou
ｃｈｕ１,chū
ｃｈｕ２,chú
ｃｈｕ３,chǔ
ｃｈｕ４,chù
ｃｈｕ５,chu
ｃｈｕａ１,chuā
ｃｈｕａ２,chuá
ｃｈｕａ３,chuǎ
ｃｈｕａ４,chuà
ｃｈｕａ５,chua
ｃｈｕａｉ１,chuāi
ｃｈｕａｉ２,chuái
ｃｈｕａｉ３,chuǎi
ｃｈｕａｉ４,chuài
ｃｈｕａｉ５,chuai
ｃｈｕａｎ１,chuān
ｃｈｕａｎ２,chuán
ｃｈｕａｎ３,chuǎn
ｃｈｕａｎ４,chuàn
ｃｈｕａｎ５,chuan
ｃｈｕａｎｇ１,chuāng
ｃｈｕａｎｇ２,chuáng
ｃｈｕａｎｇ３,chuǎng
ｃｈｕａｎｇ４,chuàng
ｃｈｕａｎｇ５,chuang
ｃｈｕｉ１,chuī
ｃｈｕｉ２,chuí
ｃｈｕｉ３,chuǐ
ｃｈｕｉ４,chuì
ｃｈｕｉ５,chui
ｃｈｕｎ１,chūn
ｃｈｕｎ２,chún
ｃｈｕｎ３,chǔn
ｃｈｕｎ４,chùn
ｃｈｕｎ５,chun
ｃｈｕｏ１,chuō
ｃｈｕｏ２,chuó
ｃｈｕｏ３,chuǒ
ｃｈｕｏ４,chuò
ｃｈｕｏ５,chuo
ｃｉ１,cī
ｃｉ２,cí
ｃｉ３,cǐ
ｃｉ４,cì
ｃｉ５,ci
ｃｏｎｇ１,cōng
ｃｏｎｇ２,cóng
ｃｏｎｇ３,cǒng
ｃｏｎｇ４,còng
ｃｏｎｇ５,cong
ｃｏｕ１,cōu
ｃｏｕ２,cóu
ｃｏｕ３,cǒu
ｃｏｕ４,còu
ｃｏｕ５,cou
ｃｕ１,cū
ｃｕ２,cú
ｃｕ３,cǔ
ｃｕ４,cù
ｃｕ５,cu
ｃｕａｎ１,cuān
ｃｕａｎ２,cuán
ｃｕａｎ３,cuǎn
ｃｕａｎ４,cuàn
ｃｕａｎ５,cuan
ｃｕｉ１,cuī
ｃｕｉ２,cuí
ｃｕｉ３,cuǐ
ｃｕｉ４,cuì
ｃｕｉ５,cui
ｃｕｎ１,cūn
ｃｕｎ２,cún
ｃｕｎ３,cǔn
ｃｕｎ４,cùn
ｃｕｎ５,cun
ｃｕｏ１,cuō
ｃｕｏ２,cuó
ｃｕｏ３,cuǒ
ｃｕｏ４,cuò
ｃｕｏ５,cuo
ｄａ１,dā
ｄａ２,dá
ｄａ３,dǎ
ｄａ４,dà
ｄａ５,da
ｄａｉ１,dāi
ｄａｉ２,dái
ｄａｉ３,dǎi
ｄａｉ４,dài
ｄａｉ５,dai
ｄａｎ１,dān
ｄａｎ２,dán
ｄａｎ３,dǎn
ｄａｎ４,dàn
ｄａｎ５,dan
ｄａｎｇ１,dāng
ｄａｎｇ２,dáng
ｄａｎｇ３,dǎng
ｄａｎｇ４,dàng
ｄａｎｇ５,dang
ｄａｏ１,dāo
ｄａｏ２,dáo
ｄａｏ３,dǎo
ｄａｏ４,dào
ｄａｏ５,dao
ｄｅ１,dē
ｄｅ２,dé
ｄｅ３,dě
ｄｅ４,dè
ｄｅ５,de
ｄｅｉ１,dēi
ｄｅｉ２,déi
ｄｅｉ３,děi
ｄｅｉ４,dèi
ｄｅｉ５,dei
ｄｅｎ１,dēn
ｄｅｎ２,dén
ｄｅｎ３,děn
ｄｅｎ４,dèn
ｄｅｎ５,den
ｄｅｎｇ１,dēng
ｄｅｎｇ２,déng
ｄｅｎｇ３,děng
ｄｅｎｇ４,dèng
ｄｅｎｇ５,deng
ｄｉ１,dī
ｄｉ２,dí
ｄｉ３,dǐ
ｄｉ４,dì
ｄｉ５,di
ｄｉａ１,diā
ｄｉａ２,diá
ｄｉａ３,diǎ
ｄｉａ４,dià
ｄｉａ５,dia
ｄｉａｎ１,diān
ｄｉａｎ２,dián
ｄｉａｎ３,diǎn
ｄｉａｎ４,diàn
ｄｉａｎ５,dian
ｄｉａｏ１,diāo
ｄｉａｏ２,diáo
ｄｉａｏ３,diǎo
ｄｉａｏ４,diào
ｄｉａｏ５,diao
ｄｉｅ１,diē
ｄｉｅ２,dié
ｄｉｅ３,diě
ｄｉｅ４,diè
ｄｉｅ５,die
ｄｉｎ１,dīn
ｄｉｎ２,dín
ｄｉｎ３,dǐn
ｄｉｎ４,dìn
ｄｉｎ５,din
ｄｉｎｇ１,dīng
ｄｉｎｇ２,díng
ｄｉｎｇ３,dǐng
ｄｉｎｇ４,dìng
ｄｉｎｇ５,ding
ｄｉｕ１,diū
ｄｉｕ２,diú
ｄｉｕ３,diǔ
ｄｉｕ４,diù
ｄｉｕ５,diu
ｄｏｎｇ１,dōng
ｄｏｎｇ２,dóng
ｄｏｎｇ３,dǒng
ｄｏｎｇ４,dòng
ｄｏｎｇ５,dong
ｄｏｕ１,dōu
ｄｏｕ２,dóu
ｄｏｕ３,dǒu
ｄｏｕ４,dòu
ｄｏｕ５,dou
ｄｕ１,dū
ｄｕ２,dú
ｄｕ３,dǔ
ｄｕ４,dù
ｄｕ５,du
ｄｕａｎ１,duān
ｄｕａｎ２,duán
ｄｕａｎ３,duǎn
ｄｕａｎ４,duàn
ｄｕａｎ５,duan
ｄｕｉ１,duī
ｄｕｉ２,duí
ｄｕｉ３,duǐ
ｄｕｉ４,duì
ｄｕｉ５,dui
ｄｕｎ１,dūn
ｄｕｎ２,dún
ｄｕｎ３,dǔn
ｄｕｎ４,dùn
ｄｕｎ５,dun
ｄｕｏ１,duō
ｄｕｏ２,duó
ｄｕｏ３,duǒ
ｄｕｏ４,duò
ｄｕｏ５,duo
ｅ１,ē
ｅ２,é
ｅ３,ě
ｅ４,è
ｅ５,e
ｅｉ１,ēi
ｅｉ２,éi
ｅｉ３,ěi
ｅｉ４,èi
ｅｉ５,ei
ｅｎ１,ēn
ｅｎ２,én
ｅｎ３,ěn
ｅｎ４,èn
ｅｎ５,en
ｅｎｇ１,ēng
ｅｎｇ２,éng
ｅｎｇ３,ěng
ｅｎｇ４,èng
ｅｎｇ５,eng
ｅｒ１,ēr
ｅｒ２,ér
ｅｒ３,ěr
ｅｒ４,èr
ｅｒ５,er
ｆａ１,fā
ｆａ２,fá
ｆａ３,fǎ
ｆａ４,fà
ｆａ５,fa
ｆａｎ１,fān
ｆａｎ２,fán
ｆａｎ３,fǎn
ｆａｎ４,fàn
ｆａｎ５,fan
ｆａｎｇ１,fāng
ｆａｎｇ２,fáng
ｆａｎｇ３,fǎng
ｆａｎｇ４,fàng
ｆａｎｇ５,fang
ｆｅｉ１,fēi
ｆｅｉ２,féi
ｆｅｉ３,fěi
ｆｅｉ４,fèi
ｆｅｉ５,fei
ｆｅｎ１,fēn
ｆｅｎ２,fén
ｆｅｎ３,fěn
ｆｅｎ４,fèn
ｆｅｎ５,fen
ｆｅｎｇ１,fēng
ｆｅｎｇ２,féng
ｆｅｎｇ３,fěng
ｆｅｎｇ４,fèng
ｆｅｎｇ５,feng
ｆｉａｏ１,fiāo
ｆｉａｏ２,fiáo
ｆｉａｏ３,fiǎo
ｆｉａｏ４,fiào
ｆｉａｏ５,fiao
ｆｏ１,fō
ｆｏ２,fó
ｆｏ３,fǒ
ｆｏ４,fò
ｆｏ５,fo
ｆｏｕ１,fōu
ｆｏｕ２,fóu
ｆｏｕ３,fǒu
ｆｏｕ４,fòu
ｆｏｕ５,fou
ｆｕ１,fū
ｆｕ２,fú
ｆｕ３,fǔ
ｆｕ４,fù
ｆｕ５,fu
ｇａ１,gā
ｇａ２,gá
ｇａ３,gǎ
ｇａ４,gà
ｇａ５,ga
ｇａｉ１,gāi
ｇａｉ２,gái
ｇａｉ３,gǎi
ｇａｉ４,gài
ｇａｉ５,gai
ｇａｎ１,gān
ｇａｎ２,gán
ｇａｎ３,gǎn
ｇａｎ４,gàn
ｇａｎ５,gan
ｇａｎｇ１,gāng
ｇａｎｇ２,gáng
ｇａｎｇ３,gǎng
ｇａｎｇ４,gàng
ｇａｎｇ５,gang
ｇａｏ１,gāo
ｇａｏ２,gáo
ｇａｏ３,gǎo
ｇａｏ４,gào
ｇａｏ５,gao
ｇｅ１,gē
ｇｅ２,gé
ｇｅ３,gě
ｇｅ４,gè
ｇｅ５,ge
ｇｅｉ１,gēi
ｇｅｉ２,géi
ｇｅｉ３,gěi
ｇｅｉ４,gèi
ｇｅｉ５,gei
ｇｅｎ１,gēn
ｇｅｎ２,gén
ｇｅｎ３,gěn
ｇｅｎ４,gèn
ｇｅｎ５,gen
ｇｅｎｇ１,gēng
ｇｅｎｇ２,géng
ｇｅｎｇ３,gěng
ｇｅｎｇ４,gèng
ｇｅｎｇ５,geng
ｇｏｎｇ１,gōng
ｇｏｎｇ２,góng
ｇｏｎｇ３,gǒng
ｇｏｎｇ４,gòng
ｇｏｎｇ５,gong
ｇｏｕ１,gōu
ｇｏｕ２,góu
ｇｏｕ３,gǒu
ｇｏｕ４,gòu
ｇｏｕ５,gou
ｇｕ１,gū
ｇｕ２,gú
ｇｕ３,gǔ
ｇｕ４,gù
ｇｕ５,gu
ｇｕａ１,guā
ｇｕａ２,guá
ｇｕａ３,guǎ
ｇｕａ４,guà
ｇｕａ５,gua
ｇｕａｉ１,guāi
ｇｕａｉ２,guái
ｇｕａｉ３,guǎi
ｇｕａｉ４,guài
ｇｕａｉ５,guai
ｇｕａｎ１,guān
ｇｕａｎ２,guán
ｇｕａｎ３,guǎn
ｇｕａｎ４,guàn
ｇｕａｎ５,guan
ｇｕａｎｇ１,guāng
ｇｕａｎｇ２,guáng
ｇｕａｎｇ３,guǎng
ｇｕａｎｇ４,guàng
ｇｕａｎｇ５,guang
ｇｕｉ１,guī
ｇｕｉ２,guí
ｇｕｉ３,guǐ
ｇｕｉ４,guì
ｇｕｉ５,gui
ｇｕｎ１,gūn
ｇｕｎ２,gún
ｇｕｎ３,gǔn
ｇｕｎ４,gùn
ｇｕｎ５,gun
ｇｕｏ１,guō
ｇｕｏ２,guó
ｇｕｏ３,guǒ
ｇｕｏ４,guò
ｇｕｏ５,guo
ｈａ１,hā
ｈａ２,há
ｈａ３,hǎ
ｈａ４,hà
ｈａ５,ha
ｈａｉ１,hāi
ｈａｉ２,hái
ｈａｉ３,hǎi
ｈａｉ４,hài
ｈａｉ５,hai
ｈａｎ１,hān
ｈａｎ２,hán
ｈａｎ３,hǎn
ｈａｎ４,hàn
ｈａｎ５,han
ｈａｎｇ１,hāng
ｈａｎｇ２,háng
ｈａｎｇ３,hǎng
ｈａｎｇ４,hàng
ｈａｎｇ５,hang
ｈａｏ１,hāo
ｈａｏ２,háo
ｈａｏ３,hǎo
ｈａｏ４,hào
ｈａｏ５,hao
ｈｅ１,hē
ｈｅ２,hé
ｈｅ３,hě
ｈｅ４,hè
ｈｅ５,he
ｈｅｉ１,hēi
ｈｅｉ２,héi
ｈｅｉ３,hěi
ｈｅｉ４,hèi
ｈｅｉ５,hei
ｈｅｎ１,hēn
ｈｅｎ２,hén
ｈｅｎ３,hěn
ｈｅｎ４,hèn
ｈｅｎ５,hen
ｈｅｎｇ１,hēng
ｈｅｎｇ２,héng
ｈｅｎｇ３,hěng
ｈｅｎｇ４,hèng
ｈｅｎｇ５,heng
ｈｍ１,hm̄
ｈｍ２,hḿ
ｈｍ３,hm̌
ｈｍ４,hm̀
ｈｍ５,hm
ｈｎｇ１,hn̄g
ｈｎｇ２,hńg
ｈｎｇ３,hňg
ｈｎｇ４,hǹg
ｈｎｇ５,hng
ｈｏｎｇ１,hōng
ｈｏｎｇ２,hóng
ｈｏｎｇ３,hǒng
ｈｏｎｇ４,hòng
ｈｏｎｇ５,hong
ｈｏｕ１,hōu
ｈｏｕ２,hóu
ｈｏｕ３,hǒu
ｈｏｕ４,hòu
ｈｏｕ５,hou
ｈｕ１,hū
ｈｕ２,hú
ｈｕ３,hǔ
ｈｕ４,hù
ｈｕ５,hu
ｈｕａ１,huā
ｈｕａ２,huá
ｈｕａ３,huǎ
ｈｕａ４,huà
ｈｕａ５,hua
ｈｕａｉ１,huāi
ｈｕａｉ２,huái
ｈｕａｉ３,huǎi
ｈｕａｉ４,huài
ｈｕａｉ５,huai
ｈｕａｎ１,huān
ｈｕａｎ２,huán
ｈｕａｎ３,huǎn
ｈｕａｎ４,huàn
ｈｕａｎ５,huan
ｈｕａｎｇ１,huāng
ｈｕａｎｇ２,huáng
ｈｕａｎｇ３,huǎng
ｈｕａｎｇ４,huàng
ｈｕａｎｇ５,huang
ｈｕｉ１,huī
ｈｕｉ２,huí
ｈｕｉ３,huǐ
ｈｕｉ４,huì
ｈｕｉ５,hui
ｈｕｎ１,hūn
ｈｕｎ２,hún
ｈｕｎ３,hǔn
ｈｕｎ４,hùn
ｈｕｎ５,hun
ｈｕｏ１,huō
ｈｕｏ２,huó
ｈｕｏ３,huǒ
ｈｕｏ４,huò
ｈｕｏ５,huo
ｊｉ１,jī
ｊｉ２,jí
ｊｉ３,jǐ
ｊｉ４,jì
ｊｉ５,ji
ｊｉａ１,jiā
ｊｉａ２,jiá
ｊｉａ３,jiǎ
ｊｉａ４,jià
ｊｉａ５,jia
ｊｉａｎ１,jiān
ｊｉａｎ２,jián
ｊｉａｎ３,jiǎn
ｊｉａｎ４,jiàn
ｊｉａｎ５,jian
ｊｉａｎｇ１,jiāng
ｊｉａｎｇ２,jiáng
ｊｉａｎｇ３,jiǎng
ｊｉａｎｇ４,jiàng
ｊｉａｎｇ５,jiang
ｊｉａｏ１,jiāo
ｊｉａｏ２,jiáo
ｊｉａｏ３,jiǎo
ｊｉａｏ４,jiào
ｊｉａｏ５,jiao
ｊｉｅ１,jiē
ｊｉｅ２,jié
ｊｉｅ３,jiě
ｊｉｅ４,jiè
ｊｉｅ５,jie
ｊｉｎ１,jīn
ｊｉｎ２,jín
ｊｉｎ３,jǐn
ｊｉｎ４,jìn
ｊｉｎ５,jin
ｊｉｎｇ１,jīng
ｊｉｎｇ２,jíng
ｊｉｎｇ３,jǐng
ｊｉｎｇ４,jìng
ｊｉｎｇ５,jing
ｊｉｏｎｇ１,jiōng
ｊｉｏｎｇ２,jióng
ｊｉｏｎｇ３,jiǒng
ｊｉｏｎｇ４,jiòng
ｊｉｏｎｇ５,jiong
ｊｉｕ１,jiū
ｊｉｕ２,jiú
ｊｉｕ３,jiǔ
ｊｉｕ４,jiù
ｊｉｕ５,jiu
ｊｕ１,jū
ｊｕ２,jú
ｊｕ３,jǔ
ｊｕ４,jù
ｊｕ５,ju
ｊｕａｎ１,juān
ｊｕａｎ２,juán
ｊｕａｎ３,juǎn
ｊｕａｎ４,juàn
ｊｕａｎ５,juan
ｊｕｅ１,juē
ｊｕｅ２,jué
ｊｕｅ３,juě
ｊｕｅ４,juè
ｊｕｅ５,jue
ｊｕｎ１,jūn
ｊｕｎ２,jún
ｊｕｎ３,jǔn
ｊｕｎ４,jùn
ｊｕｎ５,jun
ｋａ１,kā
ｋａ２,ká
ｋａ３,kǎ
ｋａ４,kà
ｋａ５,ka
ｋａｉ１,kāi
ｋａｉ２,kái
ｋａｉ３,kǎi
ｋａｉ４,kài
ｋａｉ５,kai
ｋａｎ１,kān
ｋａｎ２,kán
ｋａｎ３,kǎn
ｋａｎ４,kàn
ｋａｎ５,kan
ｋａｎｇ１,kāng
ｋａｎｇ２,káng
ｋａｎｇ３,kǎng
ｋａｎｇ４,kàng
ｋａｎｇ５,kang
ｋａｏ１,kāo
ｋａｏ２,káo
ｋａｏ３,kǎo
ｋａｏ４,kào
ｋａｏ５,kao
ｋｅ１,kē
ｋｅ２,ké
ｋｅ３,kě
ｋｅ４,kè
ｋｅ５,ke
ｋｅｉ１,kēi
ｋｅｉ２,kéi
ｋｅｉ３,kěi
ｋｅｉ４,kèi
ｋｅｉ５,kei
ｋｅｎ１,kēn
ｋｅｎ２,kén
ｋｅｎ３,kěn
ｋｅｎ４,kèn
ｋｅｎ５,ken
ｋｅｎｇ１,kēng
ｋｅｎｇ２,kéng
ｋｅｎｇ３,kěng
ｋｅｎｇ４,kèng
ｋｅｎｇ５,keng
ｋｏｎｇ１,kōng
ｋｏｎｇ２,kóng
ｋｏｎｇ３,kǒng
ｋｏｎｇ４,kòng
ｋｏｎｇ５,kong
ｋｏｕ１,kōu
ｋｏｕ２,kóu
ｋｏｕ３,kǒu
ｋｏｕ４,kòu
ｋｏｕ５,kou
ｋｕ１,kū
ｋｕ２,kú
ｋｕ３,kǔ
ｋｕ４,kù
ｋｕ５,ku
ｋｕａ１,kuā
ｋｕａ２,kuá
ｋｕａ３,kuǎ
ｋｕａ４,kuà
ｋｕａ５,kua
ｋｕａｉ１,kuāi
ｋｕａｉ２,kuái
ｋｕａｉ３,kuǎi
ｋｕａｉ４,kuài
ｋｕａｉ５,kuai
ｋｕａｎ１,kuān
ｋｕａｎ２,kuán
ｋｕａｎ３,kuǎn
ｋｕａｎ４,kuàn
ｋｕａｎ５,kuan
ｋｕａｎｇ１,kuāng
ｋｕａｎｇ２,kuáng
ｋｕａｎｇ３,kuǎng
ｋｕａｎｇ４,kuàng
ｋｕａｎｇ５,kuang
ｋｕｉ１,kuī
ｋｕｉ２,kuí
ｋｕｉ３,kuǐ
ｋｕｉ４,kuì
ｋｕｉ５,kui
ｋｕｎ１,kūn
ｋｕｎ２,kún
ｋｕｎ３,kǔn
ｋｕｎ４,kùn
ｋｕｎ５,kun
ｋｕｏ１,kuō
ｋｕｏ２,kuó
ｋｕｏ３,kuǒ
ｋｕｏ４,kuò
ｋｕｏ５,kuo
ｌａ１,lā
ｌａ２,lá
ｌａ３,lǎ
ｌａ４,là
ｌａ５,la
ｌａｉ１,lāi
ｌａｉ２,lái
ｌａｉ３,lǎi
ｌａｉ４,lài
ｌａｉ５,lai
ｌａｎ１,lān
ｌａｎ２,lán
ｌａｎ３,lǎn
ｌａｎ４,làn
ｌａｎ５,lan
ｌａｎｇ１,lāng
ｌａｎｇ２,láng
ｌａｎｇ３,lǎng
ｌａｎｇ４,làng
ｌａｎｇ５,lang
ｌａｏ１,lāo
ｌａｏ２,láo
ｌａｏ３,lǎo
ｌａｏ４,lào
ｌａｏ５,lao
ｌｅ１,lē
ｌｅ２,lé
ｌｅ３,lě
ｌｅ４,lè
ｌｅ５,le
ｌｅｉ１,lēi
ｌｅｉ２,léi
ｌｅｉ３,lěi
ｌｅｉ４,lèi
ｌｅｉ５,lei
ｌｅｎ１,lēn
ｌｅｎ２,lén
ｌｅｎ３,lěn
ｌｅｎ４,lèn
ｌｅｎ５,len
ｌｅｎｇ１,lēng
ｌｅｎｇ２,léng
ｌｅｎｇ３,lěng
ｌｅｎｇ４,lèng
ｌｅｎｇ５,leng
ｌｉ１,lī
ｌｉ２,lí
ｌｉ３,lǐ
ｌｉ４,lì
ｌｉ５,li
ｌｉａ１,liā
ｌｉａ２,liá
ｌｉａ３,liǎ
ｌｉａ４,lià
ｌｉａ５,lia
ｌｉａｎ１,liān
ｌｉａｎ２,lián
ｌｉａｎ３,liǎn
ｌｉａｎ４,liàn
ｌｉａｎ５,lian
ｌｉａｎｇ１,liāng
ｌｉａｎｇ２,liáng
ｌｉａｎｇ３,liǎng
ｌｉａｎｇ４,liàng
ｌｉａｎｇ５,liang
ｌｉａｏ１,liāo
ｌｉａｏ２,liáo
ｌｉａｏ３,liǎo
ｌｉａｏ４,liào
ｌｉａｏ５,liao
ｌｉｅ１,liē
ｌｉｅ２,lié
ｌｉｅ３,liě
ｌｉｅ４,liè
ｌｉｅ５,lie
ｌｉｎ１,līn
ｌｉｎ２,lín
ｌｉｎ３,lǐn
ｌｉｎ４,lìn
ｌｉｎ５,lin
ｌｉｎｇ１,līng
ｌｉｎｇ２,líng
ｌｉｎｇ３,lǐng
ｌｉｎｇ４,lìng
ｌｉｎｇ５,ling
ｌｉｕ１,liū
ｌｉｕ２,liú
ｌｉｕ３,liǔ
ｌｉｕ４,liù
ｌｉｕ５,liu
ｌｏ１,lō
ｌｏ２,ló
ｌｏ３,lǒ
ｌｏ４,lò
ｌｏ５,lo
ｌｏｎｇ１,lōng
ｌｏｎｇ２,lóng
ｌｏｎｇ３,lǒng
ｌｏｎｇ４,lòng
ｌｏｎｇ５,long
ｌｏｕ１,lōu
ｌｏｕ２,lóu
ｌｏｕ３,lǒu
ｌｏｕ４,lòu
ｌｏｕ５,lou
ｌｕ１,lū
ｌｕ２,lú
ｌｕ３,lǔ
ｌｕ４,lù
ｌｕ５,lu
ｌｕａｎ１,luān
ｌｕａｎ２,luán
ｌｕａｎ３,luǎn
ｌｕａｎ４,luàn
ｌｕａｎ５,luan
ｌｕｎ１,lūn
ｌｕｎ２,lún
ｌｕｎ３,lǔn
ｌｕｎ４,lùn
ｌｕｎ５,lun
ｌｕｏ１,luō
ｌｕｏ２,luó
ｌｕｏ３,luǒ
ｌｕｏ４,luò
ｌｕｏ５,luo
ｌｖ１,lǖ
ｌｖ２,lǘ
ｌｖ３,lǚ
ｌｖ４,lǜ
ｌｖ５,lü
ｌｖａｎ１,lüān
ｌｖａｎ２,lüán
ｌｖａｎ３,lüǎn
ｌｖａｎ４,lüàn
ｌｖａｎ５,lüan
ｌｖｅ１,lüē
ｌｖｅ２,lüé
ｌｖｅ３,lüě
ｌｖｅ４,lüè
ｌｖｅ５,lüe
ｍ１,m̄
ｍ２,ḿ
ｍ３,m̌
ｍ４,m̀
ｍ５,m
ｍａ１,mā
ｍａ２,má
ｍａ３,mǎ
ｍａ４,mà
ｍａ５,ma
ｍａｉ１,māi
ｍａｉ２,mái
ｍａｉ３,mǎi
ｍａｉ４,mài
ｍａｉ５,mai
ｍａｎ１,mān
ｍａｎ２,mán
ｍａｎ３,mǎn
ｍａｎ４,màn
ｍａｎ５,man
ｍａｎｇ１,māng
ｍａｎｇ２,máng
ｍａｎｇ３,mǎng
ｍａｎｇ４,màng
ｍａｎｇ５,mang
ｍａｏ１,māo
ｍａｏ２,máo
ｍａｏ３,mǎo
ｍａｏ４,mào
ｍａｏ５,mao
ｍｅ１,mē
ｍｅ２,mé
ｍｅ３,mě
ｍｅ４,mè
ｍｅ５,me
ｍｅｉ１,mēi
ｍｅｉ２,méi
ｍｅｉ３,měi
ｍｅｉ４,mèi
ｍｅｉ５,mei
ｍｅｎ１,mēn
ｍｅｎ２,mén
ｍｅｎ３,měn
ｍｅｎ４,mèn
ｍｅｎ５,men
ｍｅｎｇ１,mēng
ｍｅｎｇ２,méng
ｍｅｎｇ３,měng
ｍｅｎｇ４,mèng
ｍｅｎｇ５,meng
ｍｉ１,mī
ｍｉ２,mí
ｍｉ３,mǐ
ｍｉ４,mì
ｍｉ５,mi
ｍｉａｎ１,miān
ｍｉａｎ２,mián
ｍｉａｎ３,miǎn
ｍｉａｎ４,miàn
ｍｉａｎ５,mian
ｍｉａｏ１,miāo
ｍｉａｏ２,miáo
ｍｉａｏ３,miǎo
ｍｉａｏ４,miào
ｍｉａｏ５,miao
ｍｉｅ１,miē
ｍｉｅ２,mié
ｍｉｅ３,miě
ｍｉｅ４,miè
ｍｉｅ５,mie
ｍｉｎ１,mīn
ｍｉｎ２,mín
ｍｉｎ３,mǐn
ｍｉｎ４,mìn
ｍｉｎ５,min
ｍｉｎｇ１,mīng
ｍｉｎｇ２,míng
ｍｉｎｇ３,mǐng
ｍｉｎｇ４,mìng
ｍｉｎｇ５,ming
ｍｉｕ１,miū
ｍｉｕ２,miú
ｍｉｕ３,miǔ
ｍｉｕ４,miù
ｍｉｕ５,miu
ｍｏ１,mō
ｍｏ２,mó
ｍｏ３,mǒ
ｍｏ４,mò
ｍｏ５,mo
ｍｏｕ１,mōu
ｍｏｕ２,móu
ｍｏｕ３,mǒu
ｍｏｕ４,mòu
ｍｏｕ５,mou
ｍｕ１,mū
ｍｕ２,mú
ｍｕ３,mǔ
ｍｕ４,mù
ｍｕ５,mu
ｎ１,n̄
ｎ２,ń
ｎ３,ň
ｎ４,ǹ
ｎ５,n
ｎａ１,nā
ｎａ２,ná
ｎａ３,nǎ
ｎａ４,nà
ｎａ５,na
ｎａｉ１,nāi
ｎａｉ２,nái
ｎａｉ３,nǎi
ｎａｉ４,nài
ｎａｉ５,nai
ｎａｎ１,nān
ｎａｎ２,nán
ｎａｎ３,nǎn
ｎａｎ４,nàn
ｎａｎ５,nan
ｎａｎｇ１,nāng
ｎａｎｇ２,náng
ｎａｎｇ３,nǎng
ｎａｎｇ４,nàng
ｎａｎｇ５,nang
ｎａｏ１,nāo
ｎａｏ２,náo
ｎａｏ３,nǎo
ｎａｏ４,nào
ｎａｏ５,nao
ｎｅ１,nē
ｎｅ２,né
ｎｅ３,ně
ｎｅ４,nè
ｎｅ５,ne
ｎｅｉ１,nēi
ｎｅｉ２,néi
ｎｅｉ３,něi
ｎｅｉ４,nèi
ｎｅｉ５,nei
ｎｅｎ１,nēn
ｎｅｎ２,nén
ｎｅｎ３,něn
ｎｅｎ４,nèn
ｎｅｎ５,nen
ｎｅｎｇ１,nēng
ｎｅｎｇ２,néng
ｎｅｎｇ３,něng
ｎｅｎｇ４,nèng
ｎｅｎｇ５,neng
ｎｇ１,n̄g
ｎｇ２,ńg
ｎｇ３,ňg
ｎｇ４,ǹg
ｎｇ５,ng
ｎｉ１,nī
ｎｉ２,ní
ｎｉ３,nǐ
ｎｉ４,nì
ｎｉ５,ni
ｎｉａ１,niā
ｎｉａ２,niá
ｎｉａ３,niǎ
ｎｉａ４,nià
ｎｉａ５,nia
ｎｉａｎ１,niān
ｎｉａｎ２,nián
ｎｉａｎ３,niǎn
ｎｉａｎ４,niàn
ｎｉａｎ５,nian
ｎｉａｎｇ１,niāng
ｎｉａｎｇ２,niáng
ｎｉａｎｇ３,niǎng
ｎｉａｎｇ４,niàng
ｎｉａｎｇ５,niang
ｎｉａｏ１,niāo
ｎｉａｏ２,niáo
ｎｉａｏ３,niǎo
ｎｉａｏ４,niào
ｎｉａｏ５,niao
ｎｉｅ１,niē
ｎｉｅ２,nié
ｎｉｅ３,niě
ｎｉｅ４,niè
ｎｉｅ５,nie
ｎｉｎ１,nīn
ｎｉｎ２,nín
ｎｉｎ３,nǐn
ｎｉｎ４,nìn
ｎｉｎ５,nin
ｎｉｎｇ１,nīng
ｎｉｎｇ２,níng
ｎｉｎｇ３,nǐng
ｎｉｎｇ４,nìng
ｎｉｎｇ５,ning
ｎｉｕ１,niū
ｎｉｕ２,niú
ｎｉｕ３,niǔ
ｎｉｕ４,niù
ｎｉｕ５,niu
ｎｏｎｇ１,nōng
ｎｏｎｇ２,nóng
ｎｏｎｇ３,nǒng
ｎｏｎｇ４,nòng
ｎｏｎｇ５,nong
ｎｏｕ１,nōu
ｎｏｕ２,nóu
ｎｏｕ３,nǒu
ｎｏｕ４,nòu
ｎｏｕ５,nou
ｎｕ１,nū
ｎｕ２,nú
ｎｕ３,nǔ
ｎｕ４,nù
ｎｕ５,nu
ｎｕａｎ１,nuān
ｎｕａｎ２,nuán
ｎｕａｎ３,nuǎn
ｎｕａｎ４,nuàn
ｎｕａｎ５,nuan
ｎｕｎ１,nūn
ｎｕｎ２,nún
ｎｕｎ３,nǔn
ｎｕｎ４,nùn
ｎｕｎ５,nun
ｎｕｏ１,nuō
ｎｕｏ２,nuó
ｎｕｏ３,nuǒ
ｎｕｏ４,nuò
ｎｕｏ５,nuo
ｎｖ１,nǖ
ｎｖ２,nǘ
ｎｖ３,nǚ
ｎｖ４,nǜ
ｎｖ５,nü
ｎｖｅ１,nüē
ｎｖｅ２,nüé
ｎｖｅ３,nüě
ｎｖｅ４,nüè
ｎｖｅ５,nüe
ｏ１,ō
ｏ２,ó
ｏ３,ǒ
ｏ４,ò
ｏ５,o
ｏｕ１,ōu
ｏｕ２,óu
ｏｕ３,ǒu
ｏｕ４,òu
ｏｕ５,ou
ｐａ１,pā
ｐａ２,pá
ｐａ３,pǎ
ｐａ４,pà
ｐａ５,pa
ｐａｉ１,pāi
ｐａｉ２,pái
ｐａｉ３,pǎi
ｐａｉ４,pài
ｐａｉ５,pai
ｐａｎ１,pān
ｐａｎ２,pán
ｐａｎ３,pǎn
ｐａｎ４,pàn
ｐａｎ５,pan
ｐａｎｇ１,pāng
ｐａｎｇ２,páng
ｐａｎｇ３,pǎng
ｐａｎｇ４,pàng
ｐａｎｇ５,pang
ｐａｏ１,pāo
ｐａｏ２,páo
ｐａｏ３,pǎo
ｐａｏ４,pào
ｐａｏ５,pao
ｐｅｉ１,pēi
ｐｅｉ２,péi
ｐｅｉ３,pěi
ｐｅｉ４,pèi
ｐｅｉ５,pei
ｐｅｎ１,pēn
ｐｅｎ２,pén
ｐｅｎ３,pěn
ｐｅｎ４,pèn
ｐｅｎ５,pen
ｐｅｎｇ１,pēng
ｐｅｎｇ２,péng
ｐｅｎｇ３,pěng
ｐｅｎｇ４,pèng
ｐｅｎｇ５,peng
ｐｉ１,pī
ｐｉ２,pí
ｐｉ３,pǐ
ｐｉ４,pì
ｐｉ５,pi
ｐｉａｎ１,piān
ｐｉａｎ２,pián
ｐｉａｎ３,piǎn
ｐｉａｎ４,piàn
ｐｉａｎ５,pian
ｐｉａｏ１,piāo
ｐｉａｏ２,piáo
ｐｉａｏ３,piǎo
ｐｉａｏ４,piào
ｐｉａｏ５,piao
ｐｉｅ１,piē
ｐｉｅ２,pié
ｐｉｅ３,piě
ｐｉｅ４,piè
ｐｉｅ５,pie
ｐｉｎ１,pīn
ｐｉｎ２,pín
ｐｉｎ３,pǐn
ｐｉｎ４,pìn
ｐｉｎ５,pin
ｐｉｎｇ１,pīng
ｐｉｎｇ２,píng
ｐｉｎｇ３,pǐng
ｐｉｎｇ４,pìng
ｐｉｎｇ５,ping
ｐｏ１,pō
ｐｏ２,pó
ｐｏ３,pǒ
ｐｏ４,pò
ｐｏ５,po
ｐｏｕ１,pōu
ｐｏｕ２,póu
ｐｏｕ３,pǒu
ｐｏｕ４,pòu
ｐｏｕ５,pou
ｐｕ１,pū
ｐｕ２,pú
ｐｕ３,pǔ
ｐｕ４,pù
ｐｕ５,pu
ｑｉ１,qī
ｑｉ２,qí
ｑｉ３,qǐ
ｑｉ４,qì
ｑｉ５,qi
ｑｉａ１,qiā
ｑｉａ２,qiá
ｑｉａ３,qiǎ
ｑｉａ４,qià
ｑｉａ５,qia
ｑｉａｎ１,qiān
ｑｉａｎ２,qián
ｑｉａｎ３,qiǎn
ｑｉａｎ４,qiàn
ｑｉａｎ５,qian
ｑｉａｎｇ１,qiāng
ｑｉａｎｇ２,qiáng
ｑｉａｎｇ３,qiǎng
ｑｉａｎｇ４,qiàng
ｑｉａｎｇ５,qiang
ｑｉａｏ１,qiāo
ｑｉａｏ２,qiáo
ｑｉａｏ３,qiǎo
ｑｉａｏ４,qiào
ｑｉａｏ５,qiao
ｑｉｅ１,qiē
ｑｉｅ２,qié
ｑｉｅ３,qiě
ｑｉｅ４,qiè
ｑｉｅ５,qie
ｑｉｎ１,qīn
ｑｉｎ２,qín
ｑｉｎ３,qǐn
ｑｉｎ４,qìn
ｑｉｎ５,qin
ｑｉｎｇ１,qīng
ｑｉｎｇ２,qíng
ｑｉｎｇ３,qǐng
ｑｉｎｇ４,qìng
ｑｉｎｇ５,qing
ｑｉｏｎｇ１,qiōng
ｑｉｏｎｇ２,qióng
ｑｉｏｎｇ３,qiǒng
ｑｉｏｎｇ４,qiòng
ｑｉｏｎｇ５,qiong
ｑｉｕ１,qiū
ｑｉｕ２,qiú
ｑｉｕ３,qiǔ
ｑｉｕ４,qiù
ｑｉｕ５,qiu
ｑｕ１,qū
ｑｕ２,qú
ｑｕ３,qǔ
ｑｕ４,qù
ｑｕ５,qu
ｑｕａｎ１,quān
ｑｕａｎ２,quán
ｑｕａｎ３,quǎn
ｑｕａｎ４,quàn
ｑｕａｎ５,quan
ｑｕｅ１,quē
ｑｕｅ２,qué
ｑｕｅ３,quě
ｑｕｅ４,què
ｑｕｅ５,que
ｑｕｎ１,qūn
ｑｕｎ２,qún
ｑｕｎ３,qǔn
ｑｕｎ４,qùn
ｑｕｎ５,qun
ｒａｎ１,rān
ｒａｎ２,rán
ｒａｎ３,rǎn
ｒａｎ４,ràn
ｒａｎ５,ran
ｒａｎｇ１,rāng
ｒａｎｇ２,ráng
ｒａｎｇ３,rǎng
ｒａｎｇ４,ràng
ｒａｎｇ５,rang
ｒａｏ１,rāo
ｒａｏ２,ráo
ｒａｏ３,rǎo
ｒａｏ４,rào
ｒａｏ５,rao
ｒｅ１,rē
ｒｅ２,ré
ｒｅ３,rě
ｒｅ４,rè
ｒｅ５,re
ｒｅｎ１,rēn
ｒｅｎ２,rén
ｒｅｎ３,rěn
ｒｅｎ４,rèn
ｒｅｎ５,ren
ｒｅｎｇ１,rēng
ｒｅｎｇ２,réng
ｒｅｎｇ３,rěng
ｒｅｎｇ４,rèng
ｒｅｎｇ５,reng
ｒｉ１,rī
ｒｉ２,rí
ｒｉ３,rǐ
ｒｉ４,rì
ｒｉ５,ri
ｒｏｎｇ１,rōng
ｒｏｎｇ２,róng
ｒｏｎｇ３,rǒng
ｒｏｎｇ４,ròng
ｒｏｎｇ５,rong
ｒｏｕ１,rōu
ｒｏｕ２,róu
ｒｏｕ３,rǒu
ｒｏｕ４,ròu
ｒｏｕ５,rou
ｒｕ１,rū
ｒｕ２,rú
ｒｕ３,rǔ
ｒｕ４,rù
ｒｕ５,ru
ｒｕａ１,ruā
ｒｕａ２,ruá
ｒｕａ３,ruǎ
ｒｕａ４,ruà
ｒｕａ５,rua
ｒｕａｎ１,ruān
ｒｕａｎ２,ruán
ｒｕａｎ３,ruǎn
ｒｕａｎ４,ruàn
ｒｕａｎ５,ruan
ｒｕｉ１,ruī
ｒｕｉ２,ruí
ｒｕｉ３,ruǐ
ｒｕｉ４,ruì
ｒｕｉ５,rui
ｒｕｎ１,rūn
ｒｕｎ２,rún
ｒｕｎ３,rǔn
ｒｕｎ４,rùn
ｒｕｎ５,run
ｒｕｏ１,ruō
ｒｕｏ２,ruó
ｒｕｏ３,ruǒ
ｒｕｏ４,ruò
ｒｕｏ５,ruo
ｓａ１,sā
ｓａ２,sá
ｓａ３,sǎ
ｓａ４,sà
ｓａ５,sa
ｓａｉ１,sāi
ｓａｉ２,sái
ｓａｉ３,sǎi
ｓａｉ４,sài
ｓａｉ５,sai
ｓａｎ１,sān
ｓａｎ２,sán
ｓａｎ３,sǎn
ｓａｎ４,sàn
ｓａｎ５,san
ｓａｎｇ１,sāng
ｓａｎｇ２,sáng
ｓａｎｇ３,sǎng
ｓａｎｇ４,sàng
ｓａｎｇ５,sang
ｓａｏ１,sāo
ｓａｏ２,sáo
ｓａｏ３,sǎo
ｓａｏ４,sào
ｓａｏ５,sao
ｓｅ１,sē
ｓｅ２,sé
ｓｅ３,sě
ｓｅ４,sè
ｓｅ５,se
ｓｅｎ１,sēn
ｓｅｎ２,sén
ｓｅｎ３,sěn
ｓｅｎ４,sèn
ｓｅｎ５,sen
ｓｅｎｇ１,sēng
ｓｅｎｇ２,séng
ｓｅｎｇ３,sěng
ｓｅｎｇ４,sèng
ｓｅｎｇ５,seng
ｓｈａ１,shā
ｓｈａ２,shá
ｓｈａ３,shǎ
ｓｈａ４,shà
ｓｈａ５,sha
ｓｈａｉ１,shāi
ｓｈａｉ２,shái
ｓｈａｉ３,shǎi
ｓｈａｉ４,shài
ｓｈａｉ５,shai
ｓｈａｎ１,shān
ｓｈａｎ２,shán
ｓｈａｎ３,shǎn
ｓｈａｎ４,shàn
ｓｈａｎ５,shan
ｓｈａｎｇ１,shāng
ｓｈａｎｇ２,sháng
ｓｈａｎｇ３,shǎng
ｓｈａｎｇ４,shàng
ｓｈａｎｇ５,shang
ｓｈａｏ１,shāo
ｓｈａｏ２,sháo
ｓｈａｏ３,shǎo
ｓｈａｏ４,shào
ｓｈａｏ５,shao
ｓｈｅ１,shē
ｓｈｅ２,shé
ｓｈｅ３,shě
ｓｈｅ４,shè
ｓｈｅ５,she
ｓｈｅｉ１,shēi
ｓｈｅｉ２,shéi
ｓｈｅｉ３,shěi
ｓｈｅｉ４,shèi
ｓｈｅｉ５,shei
ｓｈｅｎ１,shēn
ｓｈｅｎ２,shén
ｓｈｅｎ３,shěn
ｓｈｅｎ４,shèn
ｓｈｅｎ５,shen
ｓｈｅｎｇ１,shēng
ｓｈｅｎｇ２,shéng
ｓｈｅｎｇ３,shěng
ｓｈｅｎｇ４,shèng
ｓｈｅｎｇ５,sheng
ｓｈｉ１,shī
ｓｈｉ２,shí
ｓｈｉ３,shǐ
ｓｈｉ４,shì
ｓｈｉ５,shi
ｓｈｏｕ１,shōu
ｓｈｏｕ２,shóu
ｓｈｏｕ３,shǒu
ｓｈｏｕ４,shòu
ｓｈｏｕ５,shou
ｓｈｕ１,shū
ｓｈｕ２,shú
ｓｈｕ３,shǔ
ｓｈｕ４,shù
ｓｈｕ５,shu
ｓｈｕａ１,shuā
ｓｈｕａ２,shuá
ｓｈｕａ３,shuǎ
ｓｈｕａ４,shuà
ｓｈｕａ５,shua
ｓｈｕａｉ１,shuāi
ｓｈｕａｉ２,shuái
ｓｈｕａｉ３,shuǎi
ｓｈｕａｉ４,shuài
ｓｈｕａｉ５,shuai
ｓｈｕａｎ１,shuān
ｓｈｕａｎ２,shuán
ｓｈｕａｎ３,shuǎn
ｓｈｕａｎ４,shuàn
ｓｈｕａｎ５,shuan
ｓｈｕａｎｇ１,shuāng
ｓｈｕａｎｇ２,shuáng
ｓｈｕａｎｇ３,shuǎng
ｓｈｕａｎｇ４,shuàng
ｓｈｕａｎｇ５,shuang
ｓｈｕｉ１,shuī
ｓｈｕｉ２,shuí
ｓｈｕｉ３,shuǐ
ｓｈｕｉ４,shuì
ｓｈｕｉ５,shui
ｓｈｕｎ１,shūn
ｓｈｕｎ２,shún
ｓｈｕｎ３,shǔn
ｓｈｕｎ４,shùn
ｓｈｕｎ５,shun
ｓｈｕｏ１,shuō
ｓｈｕｏ２,shuó
ｓｈｕｏ３,shuǒ
ｓｈｕｏ４,shuò
ｓｈｕｏ５,shuo
ｓｉ１,sī
ｓｉ２,sí
ｓｉ３,sǐ
ｓｉ４,sì
ｓｉ５,si
ｓｏｎｇ１,sōng
ｓｏｎｇ２,sóng
ｓｏｎｇ３,sǒng
ｓｏｎｇ４,sòng
ｓｏｎｇ５,song
ｓｏｕ１,sōu
ｓｏｕ２,sóu
ｓｏｕ３,sǒu
ｓｏｕ４,sòu
ｓｏｕ５,sou
ｓｕ１,sū
ｓｕ２,sú
ｓｕ３,sǔ
ｓｕ４,sù
ｓｕ５,su
ｓｕａｎ１,suān
ｓｕａｎ２,suán
ｓｕａｎ３,suǎn
ｓｕａｎ４,suàn
ｓｕａｎ５,suan
ｓｕｉ１,suī
ｓｕｉ２,suí
ｓｕｉ３,suǐ
ｓｕｉ４,suì
ｓｕｉ５,sui
ｓｕｎ１,sūn
ｓｕｎ２,sún
ｓｕｎ３,sǔn
ｓｕｎ４,sùn
ｓｕｎ５,sun
ｓｕｏ１,suō
ｓｕｏ２,suó
ｓｕｏ３,suǒ
ｓｕｏ４,suò
ｓｕｏ５,suo
ｔａ１,tā
ｔａ２,tá
ｔａ３,tǎ
ｔａ４,tà
ｔａ５,ta
ｔａｉ１,tāi
ｔａｉ２,tái
ｔａｉ３,tǎi
ｔａｉ４,tài
ｔａｉ５,tai
ｔａｎ１,tān
ｔａｎ２,tán
ｔａｎ３,tǎn
ｔａｎ４,tàn
ｔａｎ５,tan
ｔａｎｇ１,tāng
ｔａｎｇ２,táng
ｔａｎｇ３,tǎng
ｔａｎｇ４,tàng
ｔａｎｇ５,tang
ｔａｏ１,tāo
ｔａｏ２,táo
ｔａｏ３,tǎo
ｔａｏ４,tào
ｔａｏ５,tao
ｔｅ１,tē
ｔｅ２,té
ｔｅ３,tě
ｔｅ４,tè
ｔｅ５,te
ｔｅｉ１,tēi
ｔｅｉ２,téi
ｔｅｉ３,těi
ｔｅｉ４,tèi
ｔｅｉ５,tei
ｔｅｎｇ１,tēng
ｔｅｎｇ２,téng
ｔｅｎｇ３,těng
ｔｅｎｇ４,tèng
ｔｅｎｇ５,teng
ｔｉ１,tī
ｔｉ２,tí
ｔｉ３,tǐ
ｔｉ４,tì
ｔｉ５,ti
ｔｉａｎ１,tiān
ｔｉａｎ２,tián
ｔｉａｎ３,tiǎn
ｔｉａｎ４,tiàn
ｔｉａｎ５,tian
ｔｉａｏ１,tiāo
ｔｉａｏ２,tiáo
ｔｉａｏ３,tiǎo
ｔｉａｏ４,tiào
ｔｉａｏ５,tiao
ｔｉｅ１,tiē
ｔｉｅ２,tié
ｔｉｅ３,tiě
ｔｉｅ４,tiè
ｔｉｅ５,tie
ｔｉｎｇ１,tīng
ｔｉｎｇ２,tíng
ｔｉｎｇ３,tǐng
ｔｉｎｇ４,tìng
ｔｉｎｇ５,ting
ｔｏｎｇ１,tōng
ｔｏｎｇ２,tóng
ｔｏｎｇ３,tǒng
ｔｏｎｇ４,tòng
ｔｏｎｇ５,tong
ｔｏｕ１,tōu
ｔｏｕ２,tóu
ｔｏｕ３,tǒu
ｔｏｕ４,tòu
ｔｏｕ５,tou
ｔｕ１,tū
ｔｕ２,tú
ｔｕ３,tǔ
ｔｕ４,tù
ｔｕ５,tu
ｔｕａｎ１,tuān
ｔｕａｎ２,tuán
ｔｕａｎ３,tuǎn
ｔｕａｎ４,tuàn
ｔｕａｎ５,tuan
ｔｕｉ１,tuī
ｔｕｉ２,tuí
ｔｕｉ３,tuǐ
ｔｕｉ４,tuì
ｔｕｉ５,tui
ｔｕｎ１,tūn
ｔｕｎ２,tún
ｔｕｎ３,tǔn
ｔｕｎ４,tùn
ｔｕｎ５,tun
ｔｕｏ１,tuō
ｔｕｏ２,tuó
ｔｕｏ３,tuǒ
ｔｕｏ４,tuò
ｔｕｏ５,tuo
ｗａ１,wā
ｗａ２,wá
ｗａ３,wǎ
ｗａ４,wà
ｗａ５,wa
ｗａｉ１,wāi
ｗａｉ２,wái
ｗａｉ３,wǎi
ｗａｉ４,wài
ｗａｉ５,wai
ｗａｎ１,wān
ｗａｎ２,wán
ｗａｎ３,wǎn
ｗａｎ４,wàn
ｗａｎ５,wan
ｗａｎｇ１,wāng
ｗａｎｇ２,wáng
ｗａｎｇ３,wǎng
ｗａｎｇ４,wàng
ｗａｎｇ５,wang
ｗｅｉ１,wēi
ｗｅｉ２,wéi
ｗｅｉ３,wěi
ｗｅｉ４,wèi
ｗｅｉ５,wei
ｗｅｎ１,wēn
ｗｅｎ２,wén
ｗｅｎ３,wěn
ｗｅｎ４,wèn
ｗｅｎ５,wen
ｗｅｎｇ１,wēng
ｗｅｎｇ２,wéng
ｗｅｎｇ３,wěng
ｗｅｎｇ４,wèng
ｗｅｎｇ５,weng
ｗｏ１,wō
ｗｏ２,wó
ｗｏ３,wǒ
ｗｏ４,wò
ｗｏ５,wo
ｗｏｎｇ１,wōng
ｗｏｎｇ２,wóng
ｗｏｎｇ３,wǒng
ｗｏｎｇ４,wòng
ｗｏｎｇ５,wong
ｗｕ１,wū
ｗｕ２,wú
ｗｕ３,wǔ
ｗｕ４,wù
ｗｕ５,wu
ｘｉ１,xī
ｘｉ２,xí
ｘｉ３,xǐ
ｘｉ４,xì
ｘｉ５,xi
ｘｉａ１,xiā
ｘｉａ２,xiá
ｘｉａ３,xiǎ
ｘｉａ４,xià
ｘｉａ５,xia
ｘｉａｎ１,xiān
ｘｉａｎ２,xián
ｘｉａｎ３,xiǎn
ｘｉａｎ４,xiàn
ｘｉａｎ５,xian
ｘｉａｎｇ１,xiāng
ｘｉａｎｇ２,xiáng
ｘｉａｎｇ３,xiǎng
ｘｉａｎｇ４,xiàng
ｘｉａｎｇ５,xiang
ｘｉａｏ１,xiāo
ｘｉａｏ２,xiáo
ｘｉａｏ３,xiǎo
ｘｉａｏ４,xiào
ｘｉａｏ５,xiao
ｘｉｅ１,xiē
ｘｉｅ２,xié
ｘｉｅ３,xiě
ｘｉｅ４,xiè
ｘｉｅ５,xie
ｘｉｎ１,xīn
ｘｉｎ２,xín
ｘｉｎ３,xǐn
ｘｉｎ４,xìn
ｘｉｎ５,xin
ｘｉｎｇ１,xīng
ｘｉｎｇ２,xíng
ｘｉｎｇ３,xǐng
ｘｉｎｇ４,xìng
ｘｉｎｇ５,xing
ｘｉｏｎｇ１,xiōng
ｘｉｏｎｇ２,xióng
ｘｉｏｎｇ３,xiǒng
ｘｉｏｎｇ４,xiòng
ｘｉｏｎｇ５,xiong
ｘｉｕ１,xiū
ｘｉｕ２,xiú
ｘｉｕ３,xiǔ
ｘｉｕ４,xiù
ｘｉｕ５,xiu
ｘｕ１,xū
ｘｕ２,xú
ｘｕ３,xǔ
ｘｕ４,xù
ｘｕ５,xu
ｘｕａｎ１,xuān
ｘｕａｎ２,xuán
ｘｕａｎ３,xuǎn
ｘｕａｎ４,xuàn
ｘｕａｎ５,xuan
ｘｕｅ１,xuē
ｘｕｅ２,xué
ｘｕｅ３,xuě
ｘｕｅ４,xuè
ｘｕｅ５,xue
ｘｕｎ１,xūn
ｘｕｎ２,xún
ｘｕｎ３,xǔn
ｘｕｎ４,xùn
ｘｕｎ５,xun
ｙａ１,yā
ｙａ２,yá
ｙａ３,yǎ
ｙａ４,yà
ｙａ５,ya
ｙａｉ１,yāi
ｙａｉ２,yái
ｙａｉ３,yǎi
ｙａｉ４,yài
ｙａｉ５,yai
ｙａｎ１,yān
ｙａｎ２,yán
ｙａｎ３,yǎn
ｙａｎ４,yàn
ｙａｎ５,yan
ｙａｎｇ１,yāng
ｙａｎｇ２,yáng
ｙａｎｇ３,yǎng
ｙａｎｇ４,yàng
ｙａｎｇ５,yang
ｙａｏ１,yāo
ｙａｏ２,yáo
ｙａｏ３,yǎo
ｙａｏ４,yào
ｙａｏ５,yao
ｙｅ１,yē
ｙｅ２,yé
ｙｅ３,yě
ｙｅ４,yè
ｙｅ５,ye
ｙｉ１,yī
ｙｉ２,yí
ｙｉ３,yǐ
ｙｉ４,yì
ｙｉ５,yi
ｙｉｎ１,yīn
ｙｉｎ２,yín
ｙｉｎ３,yǐn
ｙｉｎ４,yìn
ｙｉｎ５,yin
ｙｉｎｇ１,yīng
ｙｉｎｇ２,yíng
ｙｉｎｇ３,yǐng
ｙｉｎｇ４,yìng
ｙｉｎｇ５,ying
ｙｏ１,yō
ｙｏ２,yó
ｙｏ３,yǒ
ｙｏ４,yò
ｙｏ５,yo
ｙｏｎｇ１,yōng
ｙｏｎｇ２,yóng
ｙｏｎｇ３,yǒng
ｙｏｎｇ４,yòng
ｙｏｎｇ５,yong
ｙｏｕ１,yōu
ｙｏｕ２,yóu
ｙｏｕ３,yǒu
ｙｏｕ４,yòu
ｙｏｕ５,you
ｙｕ１,yū
ｙｕ２,yú
ｙｕ３,yǔ
ｙｕ４,yù
ｙｕ５,yu
ｙｕａｎ１,yuān
ｙｕａｎ２,yuán
ｙｕａｎ３,yuǎn
ｙｕａｎ４,yuàn
ｙｕａｎ５,yuan
ｙｕｅ１,yuē
ｙｕｅ２,yué
ｙｕｅ３,yuě
ｙｕｅ４,yuè
ｙｕｅ５,yue
ｙｕｎ１,yūn
ｙｕｎ２,yún
ｙｕｎ３,yǔn
ｙｕｎ４,yùn
ｙｕｎ５,yun
ｚａ１,zā
ｚａ２,zá
ｚａ３,zǎ
ｚａ４,zà
ｚａ５,za
ｚａｉ１,zāi
ｚａｉ２,zái
ｚａｉ３,zǎi
ｚａｉ４,zài
ｚａｉ５,zai
ｚａｎ１,zān
ｚａｎ２,zán
ｚａｎ３,zǎn
ｚａｎ４,zàn
ｚａｎ５,zan
ｚａｎｇ１,zāng
ｚａｎｇ２,záng
ｚａｎｇ３,zǎng
ｚａｎｇ４,zàng
ｚａｎｇ５,zang
ｚａｏ１,zāo
ｚａｏ２,záo
ｚａｏ３,zǎo
ｚａｏ４,zào
ｚａｏ５,zao
ｚｅ１,zē
ｚｅ２,zé
ｚｅ３,zě
ｚｅ４,zè
ｚｅ５,ze
ｚｅｉ１,zēi
ｚｅｉ２,zéi
ｚｅｉ３,zěi
ｚｅｉ４,zèi
ｚｅｉ５,zei
ｚｅｎ１,zēn
ｚｅｎ２,zén
ｚｅｎ３,zěn
ｚｅｎ４,zèn
ｚｅｎ５,zen
ｚｅｎｇ１,zēng
ｚｅｎｇ２,zéng
ｚｅｎｇ３,zěng
ｚｅｎｇ４,zèng
ｚｅｎｇ５,zeng
ｚｈａ１,zhā
ｚｈａ２,zhá
ｚｈａ３,zhǎ
ｚｈａ４,zhà
ｚｈａ５,zha
ｚｈａｉ１,zhāi
ｚｈａｉ２,zhái
ｚｈａｉ３,zhǎi
ｚｈａｉ４,zhài
ｚｈａｉ５,zhai
ｚｈａｎ１,zhān
ｚｈａｎ２,zhán
ｚｈａｎ３,zhǎn
ｚｈａｎ４,zhàn
ｚｈａｎ５,zhan
ｚｈａｎｇ１,zhāng
ｚｈａｎｇ２,zháng
ｚｈａｎｇ３,zhǎng
ｚｈａｎｇ４,zhàng
ｚｈａｎｇ５,zhang
ｚｈａｏ１,zhāo
ｚｈａｏ２,zháo
ｚｈａｏ３,zhǎo
ｚｈａｏ４,zhào
ｚｈａｏ５,zhao
ｚｈｅ１,zhē
ｚｈｅ２,zhé
ｚｈｅ３,zhě
ｚｈｅ４,zhè
ｚｈｅ５,zhe
ｚｈｅｉ１,zhēi
ｚｈｅｉ２,zhéi
ｚｈｅｉ３,zhěi
ｚｈｅｉ４,zhèi
ｚｈｅｉ５,zhei
ｚｈｅｎ１,zhēn
ｚｈｅｎ２,zhén
ｚｈｅｎ３,zhěn
ｚｈｅｎ４,zhèn
ｚｈｅｎ５,zhen
ｚｈｅｎｇ１,zhēng
ｚｈｅｎｇ２,zhéng
ｚｈｅｎｇ３,zhěng
ｚｈｅｎｇ４,zhèng
ｚｈｅｎｇ５,zheng
ｚｈｉ１,zhī
ｚｈｉ２,zhí
ｚｈｉ３,zhǐ
ｚｈｉ４,zhì
ｚｈｉ５,zhi
ｚｈｏｎｇ１,zhōng
ｚｈｏｎｇ２,zhóng
ｚｈｏｎｇ３,zhǒng
ｚｈｏｎｇ４,zhòng
ｚｈｏｎｇ５,zhong
ｚｈｏｕ１,zhōu
ｚｈｏｕ２,zhóu
ｚｈｏｕ３,zhǒu
ｚｈｏｕ４,zhòu
ｚｈｏｕ５,zhou
ｚｈｕ１,zhū
ｚｈｕ２,zhú
ｚｈｕ３,zhǔ
ｚｈｕ４,zhù
ｚｈｕ５,zhu
ｚｈｕａ１,zhuā
ｚｈｕａ２,zhuá
ｚｈｕａ３,zhuǎ
ｚｈｕａ４,zhuà
ｚｈｕａ５,zhua
ｚｈｕａｉ１,zhuāi
ｚｈｕａｉ２,zhuái
ｚｈｕａｉ３,zhuǎi
ｚｈｕａｉ４,zhuài
ｚｈｕａｉ５,zhuai
ｚｈｕａｎ１,zhuān
ｚｈｕａｎ２,zhuán
ｚｈｕａｎ３,zhuǎn
ｚｈｕａｎ４,zhuàn
ｚｈｕａｎ５,zhuan
ｚｈｕａｎｇ１,zhuāng
ｚｈｕａｎｇ２,zhuáng
ｚｈｕａｎｇ３,zhuǎng
ｚｈｕａｎｇ４,zhuàng
ｚｈｕａｎｇ５,zhuang
ｚｈｕｉ１,zhuī
ｚｈｕｉ２,zhuí
ｚｈｕｉ３,zhuǐ
ｚｈｕｉ４,zhuì
ｚｈｕｉ５,zhui
ｚｈｕｎ１,zhūn
ｚｈｕｎ２,zhún
ｚｈｕｎ３,zhǔn
ｚｈｕｎ４,zhùn
ｚｈｕｎ５,zhun
ｚｈｕｏ１,zhuō
ｚｈｕｏ２,zhuó
ｚｈｕｏ３,zhuǒ
ｚｈｕｏ４,zhuò
ｚｈｕｏ５,zhuo
ｚｉ１,zī
ｚｉ２,zí
ｚｉ３,zǐ
ｚｉ４,zì
ｚｉ５,zi
ｚｏｎｇ１,zōng
ｚｏｎｇ２,zóng
ｚｏｎｇ３,zǒng
ｚｏｎｇ４,zòng
ｚｏｎｇ５,zong
ｚｏｕ１,zōu
ｚｏｕ２,zóu
ｚｏｕ３,zǒu
ｚｏｕ４,zòu
ｚｏｕ５,zou
ｚｕ１,zū
ｚｕ２,zú
ｚｕ３,zǔ
ｚｕ４,zù
ｚｕ５,zu
ｚｕａｎ１,zuān
ｚｕａｎ２,zuán
ｚｕａｎ３,zuǎn
ｚｕａｎ４,zuàn
ｚｕａｎ５,zuan
ｚｕｉ１,zuī
ｚｕｉ２,zuí
ｚｕｉ３,zuǐ
ｚｕｉ４,zuì
ｚｕｉ５,zui
ｚｕｎ１,zūn
ｚｕｎ２,zún
ｚｕｎ３,zǔn
ｚｕｎ４,zùn
ｚｕｎ５,zun
ｚｕｏ１,zuō
ｚｕｏ２,zuó
ｚｕｏ３,zuǒ
ｚｕｏ４,zuò
ｚｕｏ５,zuo
