ａ１,ㄚ
ａ２,ㄚˊ
ａ４,ㄚˋ
ａ５,˙ㄚ
ａｉ１,ㄞ
ａｉ２,ㄞˊ
ａｉ３,ㄞˇ
ａｉ４,ㄞˋ
ａｉ５,˙ㄞ
ａｎ１,ㄢ
ａｎ２,ㄢˊ
ａｎ３,ㄢˇ
ａｎ４,ㄢˋ
ａｎｇ１,ㄤ
ａｎｇ２,ㄤˊ
ａｎｇ４,ㄤˋ
ａｏ１,ㄠ
ａｏ２,ㄠˊ
ａｏ３,ㄠˇ
ａｏ４,ㄠˋ
ｂａ１,ㄅㄚ
ｂａ２,ㄅㄚˊ
ｂａ３,ㄅㄚˇ
ｂａ４,ㄅㄚˋ
ｂａ５,˙ㄅㄚ
ｂａｉ１,ㄅㄞ
ｂａｉ２,ㄅㄞˊ
ｂａｉ３,ㄅㄞˇ
ｂａｉ４,ㄅㄞˋ
ｂａｉ５,˙ㄅㄞ
ｂａｎ１,ㄅㄢ
ｂａｎ３,ㄅㄢˇ
ｂａｎ４,ㄅㄢˋ
ｂａｎ５,˙ㄅㄢ
ｂａｎｇ１,ㄅㄤ
ｂａｎｇ３,ㄅㄤˇ
ｂａｎｇ４,ㄅㄤˋ
ｂａｎｇ５,˙ㄅㄤ
ｂａｏ１,ㄅㄠ
ｂａｏ２,ㄅㄠˊ
ｂａｏ３,ㄅㄠˇ
ｂａｏ４,ㄅㄠˋ
ｂａｏ５,˙ㄅㄠ
ｂｅｉ１,ㄅㄟ
ｂｅｉ３,ㄅㄟˇ
ｂｅｉ４,ㄅㄟˋ
ｂｅｉ５,˙ㄅㄟ
ｂｅｎ１,ㄅㄣ
ｂｅｎ３,ㄅㄣˇ
ｂｅｎ４,ㄅㄣˋ
ｂｅｎ５,˙ㄅㄣ
ｂｅｎｇ１,ㄅㄥ
ｂｅｎｇ２,ㄅㄥˊ
ｂｅｎｇ３,ㄅㄥˇ
ｂｅｎｇ４,ㄅㄥˋ
ｂｅｎｇ５,˙ㄅㄥ
ｂｉ１,ㄅㄧ
ｂｉ２,ㄅㄧˊ
ｂｉ３,ㄅㄧˇ
ｂｉ４,ㄅㄧˋ
ｂｉａｎ１,ㄅㄧㄢ
ｂｉａｎ３,ㄅㄧㄢˇ
ｂｉａｎ４,ㄅㄧㄢˋ
ｂｉａｎ５,˙ㄅㄧㄢ
ｂｉａｏ１,ㄅㄧㄠ
ｂｉａｏ３,ㄅㄧㄠˇ
ｂｉａｏ４,ㄅㄧㄠˋ
ｂｉｅ１,ㄅㄧㄝ
ｂｉｅ２,ㄅㄧㄝˊ
ｂｉｅ３,ㄅㄧㄝˇ
ｂｉｅ４,ㄅㄧㄝˋ
ｂｉｅ５,˙ㄅㄧㄝ
ｂｉｎ１,ㄅㄧㄣ
ｂｉｎ４,ㄅㄧㄣˋ
ｂｉｎｇ１,ㄅㄧㄥ
ｂｉｎｇ３,ㄅㄧㄥˇ
ｂｉｎｇ４,ㄅㄧㄥˋ
ｂｉｎｇ５,˙ㄅㄧㄥ
ｂｏ１,ㄅㄛ
ｂｏ２,ㄅㄛˊ
ｂｏ３,ㄅㄛˇ
ｂｏ４,ㄅㄛˋ
ｂｏ５,˙ㄅㄛ
ｂｕ１,ㄅㄨ
ｂｕ２,ㄅㄨˊ
ｂｕ３,ㄅㄨˇ
ｂｕ４,ㄅㄨˋ
ｂｕ５,˙ㄅㄨ
ｃａ１,ㄘㄚ
ｃａ３,ㄘㄚˇ
ｃａ４,ㄘㄚˋ
ｃａｉ１,ㄘㄞ
ｃａｉ２,ㄘㄞˊ
ｃａｉ３,ㄘㄞˇ
ｃａｉ４,ㄘㄞˋ
ｃａｉ５,˙ㄘㄞ
ｃａｎ１,ㄘㄢ
ｃａｎ２,ㄘㄢˊ
ｃａｎ３,ㄘㄢˇ
ｃａｎ４,ㄘㄢˋ
ｃａｎｇ１,ㄘㄤ
ｃａｎｇ２,ㄘㄤˊ
ｃａｎｇ３,ㄘㄤˇ
ｃａｏ１,ㄘㄠ
ｃａｏ２,ㄘㄠˊ
ｃａｏ３,ㄘㄠˇ
ｃａｏ４,ㄘㄠˋ
ｃｅ４,ㄘㄜˋ
ｃｅｎ１,ㄘㄣ
ｃｅｎ２,ㄘㄣˊ
ｃｅｎｇ１,ㄘㄥ
ｃｅｎｇ２,ㄘㄥˊ
ｃｅｎｇ３,ㄘㄥˇ
ｃｅｎｇ４,ㄘㄥˋ
ｃｈａ１,ㄔㄚ
ｃｈａ２,ㄔㄚˊ
ｃｈａ３,ㄔㄚˇ
ｃｈａ４,ㄔㄚˋ
ｃｈａ５,˙ㄔㄚ
ｃｈａｉ１,ㄔㄞ
ｃｈａｉ２,ㄔㄞˊ
ｃｈａｉ３,ㄔㄞˇ
ｃｈａｉ４,ㄔㄞˋ
ｃｈａｉ５,˙ㄔㄞ
ｃｈａｎ１,ㄔㄢ
ｃｈａｎ２,ㄔㄢˊ
ｃｈａｎ３,ㄔㄢˇ
ｃｈａｎ４,ㄔㄢˋ
ｃｈａｎ５,˙ㄔㄢ
ｃｈａｎｇ１,ㄔㄤ
ｃｈａｎｇ２,ㄔㄤˊ
ｃｈａｎｇ３,ㄔㄤˇ
ｃｈａｎｇ４,ㄔㄤˋ
ｃｈａｎｇ５,˙ㄔㄤ
ｃｈａｏ１,ㄔㄠ
ｃｈａｏ２,ㄔㄠˊ
ｃｈａｏ３,ㄔㄠˇ
ｃｈａｏ４,ㄔㄠˋ
ｃｈｅ１,ㄔㄜ
ｃｈｅ３,ㄔㄜˇ
ｃｈｅ４,ㄔㄜˋ
ｃｈｅｎ１,ㄔㄣ
ｃｈｅｎ２,ㄔㄣˊ
ｃｈｅｎ３,ㄔㄣˇ
ｃｈｅｎ４,ㄔㄣˋ
ｃｈｅｎ５,˙ㄔㄣ
ｃｈｅｎｇ１,ㄔㄥ
ｃｈｅｎｇ２,ㄔㄥˊ
ｃｈｅｎｇ３,ㄔㄥˇ
ｃｈｅｎｇ４,ㄔㄥˋ
ｃｈｅｎｇ５,˙ㄔㄥ
ｃｈｉ１,ㄔ
ｃｈｉ２,ㄔˊ
ｃｈｉ３,ㄔˇ
ｃｈｉ４,ㄔˋ
ｃｈｉ５,˙ㄔ
ｃｈｏｎｇ１,ㄔㄨㄥ
ｃｈｏｎｇ２,ㄔㄨㄥˊ
ｃｈｏｎｇ３,ㄔㄨㄥˇ
ｃｈｏｎｇ４,ㄔㄨㄥˋ
ｃｈｏｕ１,ㄔㄡ
ｃｈｏｕ２,ㄔㄡˊ
ｃｈｏｕ３,ㄔㄡˇ
ｃｈｏｕ４,ㄔㄡˋ
ｃｈｕ１,ㄔㄨ
ｃｈｕ２,ㄔㄨˊ
ｃｈｕ３,ㄔㄨˇ
ｃｈｕ４,ㄔㄨˋ
ｃｈｕ５,˙ㄔㄨ
ｃｈｕａ１,ㄔㄨㄚ
ｃｈｕａ３,ㄔㄨㄚˇ
ｃｈｕａ４,ㄔㄨㄚˋ
ｃｈｕａｉ１,ㄔㄨㄞ
ｃｈｕａｉ２,ㄔㄨㄞˊ
ｃｈｕａｉ３,ㄔㄨㄞˇ
ｃｈｕａｉ４,ㄔㄨㄞˋ
ｃｈｕａｎ１,ㄔㄨㄢ
ｃｈｕａｎ２,ㄔㄨㄢˊ
ｃｈｕａｎ３,ㄔㄨㄢˇ
ｃｈｕａｎ４,ㄔㄨㄢˋ
ｃｈｕａｎｇ１,ㄔㄨㄤ
ｃｈｕａｎｇ２,ㄔㄨㄤˊ
ｃｈｕａｎｇ３,ㄔㄨㄤˇ
ｃｈｕａｎｇ４,ㄔㄨㄤˋ
ｃｈｕａｎｇ５,˙ㄔㄨㄤ
ｃｈｕｉ１,ㄔㄨㄟ
ｃｈｕｉ２,ㄔㄨㄟˊ
ｃｈｕｉ４,ㄔㄨㄟˋ
ｃｈｕｎ１,ㄔㄨㄣ
ｃｈｕｎ２,ㄔㄨㄣˊ
ｃｈｕｎ３,ㄔㄨㄣˇ
ｃｈｕｏ１,ㄔㄨㄛ
ｃｈｕｏ４,ㄔㄨㄛˋ
ｃｉ１,ㄘ
ｃｉ２,ㄘˊ
ｃｉ３,ㄘˇ
ｃｉ４,ㄘˋ
ｃｏｎｇ１,ㄘㄨㄥ
ｃｏｎｇ２,ㄘㄨㄥˊ
ｃｏｎｇ４,ㄘㄨㄥˋ
ｃｏｕ４,ㄘㄡˋ
ｃｕ１,ㄘㄨ
ｃｕ２,ㄘㄨˊ
ｃｕ４,ㄘㄨˋ
ｃｕａｎ１,ㄘㄨㄢ
ｃｕａｎ２,ㄘㄨㄢˊ
ｃｕａｎ４,ㄘㄨㄢˋ
ｃｕｉ１,ㄘㄨㄟ
ｃｕｉ３,ㄘㄨㄟˇ
ｃｕｉ４,ㄘㄨㄟˋ
ｃｕｎ１,ㄘㄨㄣ
ｃｕｎ２,ㄘㄨㄣˊ
ｃｕｎ３,ㄘㄨㄣˇ
ｃｕｎ４,ㄘㄨㄣˋ
ｃｕｎ５,˙ㄘㄨㄣ
ｃｕｏ１,ㄘㄨㄛ
ｃｕｏ２,ㄘㄨㄛˊ
ｃｕｏ３,ㄘㄨㄛˇ
ｃｕｏ４,ㄘㄨㄛˋ
ｄａ１,ㄉㄚ
ｄａ２,ㄉㄚˊ
ｄａ３,ㄉㄚˇ
ｄａ４,ㄉㄚˋ
ｄａ５,˙ㄉㄚ
ｄａｉ１,ㄉㄞ
ｄａｉ３,ㄉㄞˇ
ｄａｉ４,ㄉㄞˋ
ｄａｉ５,˙ㄉㄞ
ｄａｎ１,ㄉㄢ
ｄａｎ３,ㄉㄢˇ
ｄａｎ４,ㄉㄢˋ
ｄａｎ５,˙ㄉㄢ
ｄａｎｇ１,ㄉㄤ
ｄａｎｇ３,ㄉㄤˇ
ｄａｎｇ４,ㄉㄤˋ
ｄａｎｇ５,˙ㄉㄤ
ｄａｏ１,ㄉㄠ
ｄａｏ２,ㄉㄠˊ
ｄａｏ３,ㄉㄠˇ
ｄａｏ４,ㄉㄠˋ
ｄａｏ５,˙ㄉㄠ
ｄｅ１,ㄉㄜ
ｄｅ２,ㄉㄜˊ
ｄｅ５,˙ㄉㄜ
ｄｅｉ３,ㄉㄟˇ
ｄｅｎ４,ㄉㄣˋ
ｄｅｎｇ１,ㄉㄥ
ｄｅｎｇ３,ㄉㄥˇ
ｄｅｎｇ４,ㄉㄥˋ
ｄｅｎｇ５,˙ㄉㄥ
ｄｉ１,ㄉㄧ
ｄｉ２,ㄉㄧˊ
ｄｉ３,ㄉㄧˇ
ｄｉ４,ㄉㄧˋ
ｄｉ５,˙ㄉㄧ
ｄｉａｎ１,ㄉㄧㄢ
ｄｉａｎ３,ㄉㄧㄢˇ
ｄｉａｎ４,ㄉㄧㄢˋ
ｄｉａｎ５,˙ㄉㄧㄢ
ｄｉａｏ１,ㄉㄧㄠ
ｄｉａｏ３,ㄉㄧㄠˇ
ｄｉａｏ４,ㄉㄧㄠˋ
ｄｉａｏ５,˙ㄉㄧㄠ
ｄｉｅ１,ㄉㄧㄝ
ｄｉｅ２,ㄉㄧㄝˊ
ｄｉｅ５,˙ㄉㄧㄝ
ｄｉｎｇ１,ㄉㄧㄥ
ｄｉｎｇ３,ㄉㄧㄥˇ
ｄｉｎｇ４,ㄉㄧㄥˋ
ｄｉｎｇ５,˙ㄉㄧㄥ
ｄｉｕ１,ㄉㄧㄡ
ｄｏｎｇ１,ㄉㄨㄥ
ｄｏｎｇ３,ㄉㄨㄥˇ
ｄｏｎｇ４,ㄉㄨㄥˋ
ｄｏｕ１,ㄉㄡ
ｄｏｕ３,ㄉㄡˇ
ｄｏｕ４,ㄉㄡˋ
ｄｏｕ５,˙ㄉㄡ
ｄｕ１,ㄉㄨ
ｄｕ２,ㄉㄨˊ
ｄｕ３,ㄉㄨˇ
ｄｕ４,ㄉㄨˋ
ｄｕ５,˙ㄉㄨ
ｄｕａｎ１,ㄉㄨㄢ
ｄｕａｎ３,ㄉㄨㄢˇ
ｄｕａｎ４,ㄉㄨㄢˋ
ｄｕｉ１,ㄉㄨㄟ
ｄｕｉ４,ㄉㄨㄟˋ
ｄｕｉ５,˙ㄉㄨㄟ
ｄｕｎ１,ㄉㄨㄣ
ｄｕｎ３,ㄉㄨㄣˇ
ｄｕｎ４,ㄉㄨㄣˋ
ｄｕｎ５,˙ㄉㄨㄣ
ｄｕｏ１,ㄉㄨㄛ
ｄｕｏ２,ㄉㄨㄛˊ
ｄｕｏ３,ㄉㄨㄛˇ
ｄｕｏ４,ㄉㄨㄛˋ
ｄｕｏ５,˙ㄉㄨㄛ
ｅ１,ㄜ
ｅ２,ㄜˊ
ｅ３,ㄜˇ
ｅ４,ㄜˋ
ｅｉ４,ㄟˋ
ｅｎ１,ㄣ
ｅｎ４,ㄣˋ
ｅｎ５,˙ㄣ
ｅｎｇ１,ㄥ
ｅｒ２,ㄦˊ
ｅｒ３,ㄦˇ
ｅｒ４,ㄦˋ
ｆａ１,ㄈㄚ
ｆａ２,ㄈㄚˊ
ｆａ３,ㄈㄚˇ
ｆａ４,ㄈㄚˋ
ｆａ５,˙ㄈㄚ
ｆａｎ１,ㄈㄢ
ｆａｎ２,ㄈㄢˊ
ｆａｎ３,ㄈㄢˇ
ｆａｎ４,ㄈㄢˋ
ｆａｎ５,˙ㄈㄢ
ｆａｎｇ１,ㄈㄤ
ｆａｎｇ２,ㄈㄤˊ
ｆａｎｇ３,ㄈㄤˇ
ｆａｎｇ４,ㄈㄤˋ
ｆａｎｇ５,˙ㄈㄤ
ｆｅｉ１,ㄈㄟ
ｆｅｉ２,ㄈㄟˊ
ｆｅｉ３,ㄈㄟˇ
ｆｅｉ４,ㄈㄟˋ
ｆｅｉ５,˙ㄈㄟ
ｆｅｎ１,ㄈㄣ
ｆｅｎ２,ㄈㄣˊ
ｆｅｎ３,ㄈㄣˇ
ｆｅｎ４,ㄈㄣˋ
ｆｅｎ５,˙ㄈㄣ
ｆｅｎｇ１,ㄈㄥ
ｆｅｎｇ２,ㄈㄥˊ
ｆｅｎｇ３,ㄈㄥˇ
ｆｅｎｇ４,ㄈㄥˋ
ｆｅｎｇ５,˙ㄈㄥ
ｆｏ２,ㄈㄛˊ
ｆｏｕ１,ㄈㄡ
ｆｏｕ２,ㄈㄡˊ
ｆｏｕ３,ㄈㄡˇ
ｆｏｕ４,ㄈㄡˋ
ｆｕ１,ㄈㄨ
ｆｕ２,ㄈㄨˊ
ｆｕ３,ㄈㄨˇ
ｆｕ４,ㄈㄨˋ
ｆｕ５,˙ㄈㄨ
ｇａ１,ㄍㄚ
ｇａ２,ㄍㄚˊ
ｇａ３,ㄍㄚˇ
ｇａ４,ㄍㄚˋ
ｇａ５,˙ㄍㄚ
ｇａｉ１,ㄍㄞ
ｇａｉ３,ㄍㄞˇ
ｇａｉ４,ㄍㄞˋ
ｇａｉ５,˙ㄍㄞ
ｇａｎ１,ㄍㄢ
ｇａｎ３,ㄍㄢˇ
ｇａｎ４,ㄍㄢˋ
ｇａｎ５,˙ㄍㄢ
ｇａｎｇ１,ㄍㄤ
ｇａｎｇ３,ㄍㄤˇ
ｇａｎｇ４,ㄍㄤˋ
ｇａｏ１,ㄍㄠ
ｇａｏ３,ㄍㄠˇ
ｇａｏ４,ㄍㄠˋ
ｇａｏ５,˙ㄍㄠ
ｇｅ１,ㄍㄜ
ｇｅ２,ㄍㄜˊ
ｇｅ３,ㄍㄜˇ
ｇｅ４,ㄍㄜˋ
ｇｅ５,˙ㄍㄜ
ｇｅｉ３,ㄍㄟˇ
ｇｅｎ１,ㄍㄣ
ｇｅｎ２,ㄍㄣˊ
ｇｅｎ３,ㄍㄣˇ
ｇｅｎ４,ㄍㄣˋ
ｇｅｎ５,˙ㄍㄣ
ｇｅｎｇ１,ㄍㄥ
ｇｅｎｇ３,ㄍㄥˇ
ｇｅｎｇ４,ㄍㄥˋ
ｇｏｎｇ１,ㄍㄨㄥ
ｇｏｎｇ３,ㄍㄨㄥˇ
ｇｏｎｇ４,ㄍㄨㄥˋ
ｇｏｎｇ５,˙ㄍㄨㄥ
ｇｏｕ１,ㄍㄡ
ｇｏｕ３,ㄍㄡˇ
ｇｏｕ４,ㄍㄡˋ
ｇｕ１,ㄍㄨ
ｇｕ２,ㄍㄨˊ
ｇｕ３,ㄍㄨˇ
ｇｕ４,ㄍㄨˋ
ｇｕ５,˙ㄍㄨ
ｇｕａ１,ㄍㄨㄚ
ｇｕａ３,ㄍㄨㄚˇ
ｇｕａ４,ㄍㄨㄚˋ
ｇｕａ５,˙ㄍㄨㄚ
ｇｕａｉ１,ㄍㄨㄞ
ｇｕａｉ３,ㄍㄨㄞˇ
ｇｕａｉ４,ㄍㄨㄞˋ
ｇｕａｎ１,ㄍㄨㄢ
ｇｕａｎ３,ㄍㄨㄢˇ
ｇｕａｎ４,ㄍㄨㄢˋ
ｇｕａｎｇ１,ㄍㄨㄤ
ｇｕａｎｇ３,ㄍㄨㄤˇ
ｇｕａｎｇ４,ㄍㄨㄤˋ
ｇｕａｎｇ５,˙ㄍㄨㄤ
ｇｕｉ１,ㄍㄨㄟ
ｇｕｉ３,ㄍㄨㄟˇ
ｇｕｉ４,ㄍㄨㄟˋ
ｇｕｉ５,˙ㄍㄨㄟ
ｇｕｎ３,ㄍㄨㄣˇ
ｇｕｎ４,ㄍㄨㄣˋ
ｇｕｎ５,˙ㄍㄨㄣ
ｇｕｏ１,ㄍㄨㄛ
ｇｕｏ２,ㄍㄨㄛˊ
ｇｕｏ３,ㄍㄨㄛˇ
ｇｕｏ４,ㄍㄨㄛˋ
ｇｕｏ５,˙ㄍㄨㄛ
ｈａ１,ㄏㄚ
ｈａ２,ㄏㄚˊ
ｈａ３,ㄏㄚˇ
ｈａ５,˙ㄏㄚ
ｈａｉ１,ㄏㄞ
ｈａｉ２,ㄏㄞˊ
ｈａｉ３,ㄏㄞˇ
ｈａｉ４,ㄏㄞˋ
ｈａｎ１,ㄏㄢ
ｈａｎ２,ㄏㄢˊ
ｈａｎ３,ㄏㄢˇ
ｈａｎ４,ㄏㄢˋ
ｈａｎ５,˙ㄏㄢ
ｈａｎｇ１,ㄏㄤ
ｈａｎｇ２,ㄏㄤˊ
ｈａｎｇ４,ㄏㄤˋ
ｈａｎｇ５,˙ㄏㄤ
ｈａｏ１,ㄏㄠ
ｈａｏ２,ㄏㄠˊ
ｈａｏ３,ㄏㄠˇ
ｈａｏ４,ㄏㄠˋ
ｈａｏ５,˙ㄏㄠ
ｈｅ１,ㄏㄜ
ｈｅ２,ㄏㄜˊ
ｈｅ４,ㄏㄜˋ
ｈｅ５,˙ㄏㄜ
ｈｅｉ１,ㄏㄟ
ｈｅｉ３,ㄏㄟˇ
ｈｅｎ１,ㄏㄣ
ｈｅｎ２,ㄏㄣˊ
ｈｅｎ３,ㄏㄣˇ
ｈｅｎ４,ㄏㄣˋ
ｈｅｎ５,˙ㄏㄣ
ｈｅｎｇ１,ㄏㄥ
ｈｅｎｇ２,ㄏㄥˊ
ｈｅｎｇ４,ㄏㄥˋ
ｈｅｎｇ５,˙ㄏㄥ
ｈｏｎｇ１,ㄏㄨㄥ
ｈｏｎｇ２,ㄏㄨㄥˊ
ｈｏｎｇ３,ㄏㄨㄥˇ
ｈｏｎｇ４,ㄏㄨㄥˋ
ｈｏｎｇ５,˙ㄏㄨㄥ
ｈｏｕ１,ㄏㄡ
ｈｏｕ２,ㄏㄡˊ
ｈｏｕ３,ㄏㄡˇ
ｈｏｕ４,ㄏㄡˋ
ｈｏｕ５,˙ㄏㄡ
ｈｕ１,ㄏㄨ
ｈｕ２,ㄏㄨˊ
ｈｕ３,ㄏㄨˇ
ｈｕ４,ㄏㄨˋ
ｈｕ５,˙ㄏㄨ
ｈｕａ１,ㄏㄨㄚ
ｈｕａ２,ㄏㄨㄚˊ
ｈｕａ４,ㄏㄨㄚˋ
ｈｕａ５,˙ㄏㄨㄚ
ｈｕａｉ２,ㄏㄨㄞˊ
ｈｕａｉ４,ㄏㄨㄞˋ
ｈｕａｎ１,ㄏㄨㄢ
ｈｕａｎ２,ㄏㄨㄢˊ
ｈｕａｎ３,ㄏㄨㄢˇ
ｈｕａｎ４,ㄏㄨㄢˋ
ｈｕａｎ５,˙ㄏㄨㄢ
ｈｕａｎｇ１,ㄏㄨㄤ
ｈｕａｎｇ２,ㄏㄨㄤˊ
ｈｕａｎｇ３,ㄏㄨㄤˇ
ｈｕａｎｇ４,ㄏㄨㄤˋ
ｈｕａｎｇ５,˙ㄏㄨㄤ
ｈｕｉ１,ㄏㄨㄟ
ｈｕｉ２,ㄏㄨㄟˊ
ｈｕｉ３,ㄏㄨㄟˇ
ｈｕｉ４,ㄏㄨㄟˋ
ｈｕｉ５,˙ㄏㄨㄟ
ｈｕｎ１,ㄏㄨㄣ
ｈｕｎ２,ㄏㄨㄣˊ
ｈｕｎ３,ㄏㄨㄣˇ
ｈｕｎ４,ㄏㄨㄣˋ
ｈｕｏ１,ㄏㄨㄛ
ｈｕｏ２,ㄏㄨㄛˊ
ｈｕｏ３,ㄏㄨㄛˇ
ｈｕｏ４,ㄏㄨㄛˋ
ｈｕｏ５,˙ㄏㄨㄛ
ｊｉ１,ㄐㄧ
ｊｉ２,ㄐㄧˊ
ｊｉ３,ㄐㄧˇ
ｊｉ４,ㄐㄧˋ
ｊｉ５,˙ㄐㄧ
ｊｉａ１,ㄐㄧㄚ
ｊｉａ２,ㄐㄧㄚˊ
ｊｉａ３,ㄐㄧㄚˇ
ｊｉａ４,ㄐㄧㄚˋ
ｊｉａ５,˙ㄐㄧㄚ
ｊｉａｎ１,ㄐㄧㄢ
ｊｉａｎ３,ㄐㄧㄢˇ
ｊｉａｎ４,ㄐㄧㄢˋ
ｊｉａｎ５,˙ㄐㄧㄢ
ｊｉａｎｇ１,ㄐㄧㄤ
ｊｉａｎｇ３,ㄐㄧㄤˇ
ｊｉａｎｇ４,ㄐㄧㄤˋ
ｊｉａｎｇ５,˙ㄐㄧㄤ
ｊｉａｏ１,ㄐㄧㄠ
ｊｉａｏ２,ㄐㄧㄠˊ
ｊｉａｏ３,ㄐㄧㄠˇ
ｊｉａｏ４,ㄐㄧㄠˋ
ｊｉａｏ５,˙ㄐㄧㄠ
ｊｉｅ１,ㄐㄧㄝ
ｊｉｅ２,ㄐㄧㄝˊ
ｊｉｅ３,ㄐㄧㄝˇ
ｊｉｅ４,ㄐㄧㄝˋ
ｊｉｅ５,˙ㄐㄧㄝ
ｊｉｎ１,ㄐㄧㄣ
ｊｉｎ３,ㄐㄧㄣˇ
ｊｉｎ４,ㄐㄧㄣˋ
ｊｉｎ５,˙ㄐㄧㄣ
ｊｉｎｇ１,ㄐㄧㄥ
ｊｉｎｇ３,ㄐㄧㄥˇ
ｊｉｎｇ４,ㄐㄧㄥˋ
ｊｉｎｇ５,˙ㄐㄧㄥ
ｊｉｏｎｇ１,ㄐㄩㄥ
ｊｉｏｎｇ３,ㄐㄩㄥˇ
ｊｉｕ１,ㄐㄧㄡ
ｊｉｕ３,ㄐㄧㄡˇ
ｊｉｕ４,ㄐㄧㄡˋ
ｊｉｕ５,˙ㄐㄧㄡ
ｊｕ１,ㄐㄩ
ｊｕ２,ㄐㄩˊ
ｊｕ３,ㄐㄩˇ
ｊｕ４,ㄐㄩˋ
ｊｕ５,˙ㄐㄩ
ｊｕａｎ１,ㄐㄩㄢ
ｊｕａｎ３,ㄐㄩㄢˇ
ｊｕａｎ４,ㄐㄩㄢˋ
ｊｕｅ１,ㄐㄩㄝ
ｊｕｅ２,ㄐㄩㄝˊ
ｊｕｅ３,ㄐㄩㄝˇ
ｊｕｅ４,ㄐㄩㄝˋ
ｊｕｎ１,ㄐㄩㄣ
ｊｕｎ３,ㄐㄩㄣˇ
ｊｕｎ４,ㄐㄩㄣˋ
ｋａ１,ㄎㄚ
ｋａ３,ㄎㄚˇ
ｋａ４,ㄎㄚˋ
ｋａｉ１,ㄎㄞ
ｋａｉ３,ㄎㄞˇ
ｋａｉ４,ㄎㄞˋ
ｋａｉ５,˙ㄎㄞ
ｋａｎ１,ㄎㄢ
ｋａｎ３,ㄎㄢˇ
ｋａｎ４,ㄎㄢˋ
ｋａｎ５,˙ㄎㄢ
ｋａｎｇ１,ㄎㄤ
ｋａｎｇ２,ㄎㄤˊ
ｋａｎｇ３,ㄎㄤˇ
ｋａｎｇ４,ㄎㄤˋ
ｋａｏ１,ㄎㄠ
ｋａｏ３,ㄎㄠˇ
ｋａｏ４,ㄎㄠˋ
ｋａｏ５,˙ㄎㄠ
ｋｅ１,ㄎㄜ
ｋｅ２,ㄎㄜˊ
ｋｅ３,ㄎㄜˇ
ｋｅ４,ㄎㄜˋ
ｋｅ５,˙ㄎㄜ
ｋｅｎ３,ㄎㄣˇ
ｋｅｎ４,ㄎㄣˋ
ｋｅｎ５,˙ㄎㄣ
ｋｅｎｇ１,ㄎㄥ
ｋｅｎｇ３,ㄎㄥˇ
ｋｏｎｇ１,ㄎㄨㄥ
ｋｏｎｇ３,ㄎㄨㄥˇ
ｋｏｎｇ４,ㄎㄨㄥˋ
ｋｏｎｇ５,˙ㄎㄨㄥ
ｋｏｕ１,ㄎㄡ
ｋｏｕ３,ㄎㄡˇ
ｋｏｕ４,ㄎㄡˋ
ｋｏｕ５,˙ㄎㄡ
ｋｕ１,ㄎㄨ
ｋｕ３,ㄎㄨˇ
ｋｕ４,ㄎㄨˋ
ｋｕ５,˙ㄎㄨ
ｋｕａ１,ㄎㄨㄚ
ｋｕａ３,ㄎㄨㄚˇ
ｋｕａ４,ㄎㄨㄚˋ
ｋｕａｉ１,ㄎㄨㄞ
ｋｕａｉ３,ㄎㄨㄞˇ
ｋｕａｉ４,ㄎㄨㄞˋ
ｋｕａｉ５,˙ㄎㄨㄞ
ｋｕａｎ１,ㄎㄨㄢ
ｋｕａｎ３,ㄎㄨㄢˇ
ｋｕａｎｇ１,ㄎㄨㄤ
ｋｕａｎｇ２,ㄎㄨㄤˊ
ｋｕａｎｇ３,ㄎㄨㄤˇ
ｋｕａｎｇ４,ㄎㄨㄤˋ
ｋｕａｎｇ５,˙ㄎㄨㄤ
ｋｕｉ１,ㄎㄨㄟ
ｋｕｉ２,ㄎㄨㄟˊ
ｋｕｉ３,ㄎㄨㄟˇ
ｋｕｉ４,ㄎㄨㄟˋ
ｋｕｎ１,ㄎㄨㄣ
ｋｕｎ３,ㄎㄨㄣˇ
ｋｕｎ４,ㄎㄨㄣˋ
ｋｕｏ４,ㄎㄨㄛˋ
ｌａ１,ㄌㄚ
ｌａ２,ㄌㄚˊ
ｌａ３,ㄌㄚˇ
ｌａ４,ㄌㄚˋ
ｌａ５,˙ㄌㄚ
ｌａｉ２,ㄌㄞˊ
ｌａｉ４,ㄌㄞˋ
ｌａｉ５,˙ㄌㄞ
ｌａｎ２,ㄌㄢˊ
ｌａｎ３,ㄌㄢˇ
ｌａｎ４,ㄌㄢˋ
ｌａｎ５,˙ㄌㄢ
ｌａｎｇ１,ㄌㄤ
ｌａｎｇ２,ㄌㄤˊ
ｌａｎｇ３,ㄌㄤˇ
ｌａｎｇ４,ㄌㄤˋ
ｌａｎｇ５,˙ㄌㄤ
ｌａｏ１,ㄌㄠ
ｌａｏ２,ㄌㄠˊ
ｌａｏ３,ㄌㄠˇ
ｌａｏ４,ㄌㄠˋ
ｌａｏ５,˙ㄌㄠ
ｌｅ４,ㄌㄜˋ
ｌｅ５,˙ㄌㄜ
ｌｅｉ１,ㄌㄟ
ｌｅｉ２,ㄌㄟˊ
ｌｅｉ３,ㄌㄟˇ
ｌｅｉ４,ㄌㄟˋ
ｌｅｎｇ１,ㄌㄥ
ｌｅｎｇ２,ㄌㄥˊ
ｌｅｎｇ３,ㄌㄥˇ
ｌｅｎｇ４,ㄌㄥˋ
ｌｅｎｇ５,˙ㄌㄥ
ｌｉ１,ㄌㄧ
ｌｉ２,ㄌㄧˊ
ｌｉ３,ㄌㄧˇ
ｌｉ４,ㄌㄧˋ
ｌｉ５,˙ㄌㄧ
ｌｉａ３,ㄌㄧㄚˇ
ｌｉａｎ２,ㄌㄧㄢˊ
ｌｉａｎ３,ㄌㄧㄢˇ
ｌｉａｎ４,ㄌㄧㄢˋ
ｌｉａｎ５,˙ㄌㄧㄢ
ｌｉａｎｇ２,ㄌㄧㄤˊ
ｌｉａｎｇ３,ㄌㄧㄤˇ
ｌｉａｎｇ４,ㄌㄧㄤˋ
ｌｉａｎｇ５,˙ㄌㄧㄤ
ｌｉａｏ１,ㄌㄧㄠ
ｌｉａｏ２,ㄌㄧㄠˊ
ｌｉａｏ３,ㄌㄧㄠˇ
ｌｉａｏ４,ㄌㄧㄠˋ
ｌｉａｏ５,˙ㄌㄧㄠ
ｌｉｅ１,ㄌㄧㄝ
ｌｉｅ２,ㄌㄧㄝˊ
ｌｉｅ３,ㄌㄧㄝˇ
ｌｉｅ４,ㄌㄧㄝˋ
ｌｉｅ５,˙ㄌㄧㄝ
ｌｉｎ２,ㄌㄧㄣˊ
ｌｉｎ３,ㄌㄧㄣˇ
ｌｉｎ４,ㄌㄧㄣˋ
ｌｉｎｇ１,ㄌㄧㄥ
ｌｉｎｇ２,ㄌㄧㄥˊ
ｌｉｎｇ３,ㄌㄧㄥˇ
ｌｉｎｇ４,ㄌㄧㄥˋ
ｌｉｎｇ５,˙ㄌㄧㄥ
ｌｉｕ１,ㄌㄧㄡ
ｌｉｕ２,ㄌㄧㄡˊ
ｌｉｕ３,ㄌㄧㄡˇ
ｌｉｕ４,ㄌㄧㄡˋ
ｌｉｕ５,˙ㄌㄧㄡ
ｌｏ５,˙ㄌㄛ
ｌｏｎｇ２,ㄌㄨㄥˊ
ｌｏｎｇ３,ㄌㄨㄥˇ
ｌｏｎｇ４,ㄌㄨㄥˋ
ｌｏｎｇ５,˙ㄌㄨㄥ
ｌｏｕ１,ㄌㄡ
ｌｏｕ２,ㄌㄡˊ
ｌｏｕ３,ㄌㄡˇ
ｌｏｕ４,ㄌㄡˋ
ｌｏｕ５,˙ㄌㄡ
ｌｕ１,ㄌㄨ
ｌｕ２,ㄌㄨˊ
ｌｕ３,ㄌㄨˇ
ｌｕ４,ㄌㄨˋ
ｌｕ５,˙ㄌㄨ
ｌｕａｎ２,ㄌㄨㄢˊ
ｌｕａｎ３,ㄌㄨㄢˇ
ｌｕａｎ４,ㄌㄨㄢˋ
ｌｕｎ１,ㄌㄨㄣ
ｌｕｎ２,ㄌㄨㄣˊ
ｌｕｎ４,ㄌㄨㄣˋ
ｌｕｏ１,ㄌㄨㄛ
ｌｕｏ２,ㄌㄨㄛˊ
ｌｕｏ３,ㄌㄨㄛˇ
ｌｕｏ４,ㄌㄨㄛˋ
ｌｕｏ５,˙ㄌㄨㄛ
ｌｖ２,ㄌㄩˊ
ｌｖ３,ㄌㄩˇ
ｌｖ４,ㄌㄩˋ
ｌｖａｎ２,ㄌㄩㄢˊ
ｌｖａｎ３,ㄌㄩㄢˇ
ｌｖａｎ５,˙ㄌㄩㄢ
ｌｖｅ４,ㄌㄩㄝˋ
ｍａ１,ㄇㄚ
ｍａ２,ㄇㄚˊ
ｍａ３,ㄇㄚˇ
ｍａ４,ㄇㄚˋ
ｍａ５,˙ㄇㄚ
ｍａｉ２,ㄇㄞˊ
ｍａｉ３,ㄇㄞˇ
ｍａｉ４,ㄇㄞˋ
ｍａｉ５,˙ㄇㄞ
ｍａｎ１,ㄇㄢ
ｍａｎ２,ㄇㄢˊ
ｍａｎ３,ㄇㄢˇ
ｍａｎ４,ㄇㄢˋ
ｍａｎ５,˙ㄇㄢ
ｍａｎｇ２,ㄇㄤˊ
ｍａｎｇ３,ㄇㄤˇ
ｍａｏ１,ㄇㄠ
ｍａｏ２,ㄇㄠˊ
ｍａｏ３,ㄇㄠˇ
ｍａｏ４,ㄇㄠˋ
ｍａｏ５,˙ㄇㄠ
ｍｅ５,˙ㄇㄜ
ｍｅｉ２,ㄇㄟˊ
ｍｅｉ３,ㄇㄟˇ
ｍｅｉ４,ㄇㄟˋ
ｍｅｉ５,˙ㄇㄟ
ｍｅｎ１,ㄇㄣ
ｍｅｎ２,ㄇㄣˊ
ｍｅｎ３,ㄇㄣˇ
ｍｅｎ４,ㄇㄣˋ
ｍｅｎ５,˙ㄇㄣ
ｍｅｎｇ１,ㄇㄥ
ｍｅｎｇ２,ㄇㄥˊ
ｍｅｎｇ３,ㄇㄥˇ
ｍｅｎｇ４,ㄇㄥˋ
ｍｅｎｇ５,˙ㄇㄥ
ｍｉ１,ㄇㄧ
ｍｉ２,ㄇㄧˊ
ｍｉ３,ㄇㄧˇ
ｍｉ４,ㄇㄧˋ
ｍｉ５,˙ㄇㄧ
ｍｉａｎ２,ㄇㄧㄢˊ
ｍｉａｎ３,ㄇㄧㄢˇ
ｍｉａｎ４,ㄇㄧㄢˋ
ｍｉａｎ５,˙ㄇㄧㄢ
ｍｉａｏ１,ㄇㄧㄠ
ｍｉａｏ２,ㄇㄧㄠˊ
ｍｉａｏ３,ㄇㄧㄠˇ
ｍｉａｏ４,ㄇㄧㄠˋ
ｍｉｅ１,ㄇㄧㄝ
ｍｉｅ４,ㄇㄧㄝˋ
ｍｉｅ５,˙ㄇㄧㄝ
ｍｉｎ２,ㄇㄧㄣˊ
ｍｉｎ３,ㄇㄧㄣˇ
ｍｉｎｇ２,ㄇㄧㄥˊ
ｍｉｎｇ３,ㄇㄧㄥˇ
ｍｉｎｇ４,ㄇㄧㄥˋ
ｍｉｕ４,ㄇㄧㄡˋ
ｍｏ１,ㄇㄛ
ｍｏ２,ㄇㄛˊ
ｍｏ３,ㄇㄛˇ
ｍｏ４,ㄇㄛˋ
ｍｏ５,˙ㄇㄛ
ｍｏｕ２,ㄇㄡˊ
ｍｏｕ３,ㄇㄡˇ
ｍｏｕ４,ㄇㄡˋ
ｍｕ２,ㄇㄨˊ
ｍｕ３,ㄇㄨˇ
ｍｕ４,ㄇㄨˋ
ｍｕ５,˙ㄇㄨ
ｎａ１,ㄋㄚ
ｎａ２,ㄋㄚˊ
ｎａ３,ㄋㄚˇ
ｎａ４,ㄋㄚˋ
ｎａ５,˙ㄋㄚ
ｎａｉ３,ㄋㄞˇ
ｎａｉ４,ㄋㄞˋ
ｎａｉ５,˙ㄋㄞ
ｎａｎ１,ㄋㄢ
ｎａｎ２,ㄋㄢˊ
ｎａｎ３,ㄋㄢˇ
ｎａｎ４,ㄋㄢˋ
ｎａｎ５,˙ㄋㄢ
ｎａｎｇ２,ㄋㄤˊ
ｎａｎｇ３,ㄋㄤˇ
ｎａｎｇ４,ㄋㄤˋ
ｎａｎｇ５,˙ㄋㄤ
ｎａｏ１,ㄋㄠ
ｎａｏ２,ㄋㄠˊ
ｎａｏ３,ㄋㄠˇ
ｎａｏ４,ㄋㄠˋ
ｎａｏ５,˙ㄋㄠ
ｎｅ４,ㄋㄜˋ
ｎｅ５,˙ㄋㄜ
ｎｅｉ３,ㄋㄟˇ
ｎｅｉ４,ㄋㄟˋ
ｎｅｎ４,ㄋㄣˋ
ｎｅｎｇ２,ㄋㄥˊ
ｎｉ２,ㄋㄧˊ
ｎｉ３,ㄋㄧˇ
ｎｉ４,ㄋㄧˋ
ｎｉａｎ１,ㄋㄧㄢ
ｎｉａｎ２,ㄋㄧㄢˊ
ｎｉａｎ３,ㄋㄧㄢˇ
ｎｉａｎ４,ㄋㄧㄢˋ
ｎｉａｎ５,˙ㄋㄧㄢ
ｎｉａｎｇ２,ㄋㄧㄤˊ
ｎｉａｎｇ４,ㄋㄧㄤˋ
ｎｉａｎｇ５,˙ㄋㄧㄤ
ｎｉａｏ３,ㄋㄧㄠˇ
ｎｉａｏ４,ㄋㄧㄠˋ
ｎｉｅ１,ㄋㄧㄝ
ｎｉｅ２,ㄋㄧㄝˊ
ｎｉｅ４,ㄋㄧㄝˋ
ｎｉｅ５,˙ㄋㄧㄝ
ｎｉｎ２,ㄋㄧㄣˊ
ｎｉｎｇ２,ㄋㄧㄥˊ
ｎｉｎｇ３,ㄋㄧㄥˇ
ｎｉｎｇ４,ㄋㄧㄥˋ
ｎｉｕ１,ㄋㄧㄡ
ｎｉｕ２,ㄋㄧㄡˊ
ｎｉｕ３,ㄋㄧㄡˇ
ｎｉｕ４,ㄋㄧㄡˋ
ｎｉｕ５,˙ㄋㄧㄡ
ｎｏｎｇ１,ㄋㄨㄥ
ｎｏｎｇ２,ㄋㄨㄥˊ
ｎｏｎｇ４,ㄋㄨㄥˋ
ｎｏｎｇ５,˙ㄋㄨㄥ
ｎｏｕ２,ㄋㄡˊ
ｎｏｕ４,ㄋㄡˋ
ｎｕ２,ㄋㄨˊ
ｎｕ３,ㄋㄨˇ
ｎｕ４,ㄋㄨˋ
ｎｕａｎ３,ㄋㄨㄢˇ
ｎｕｎ２,ㄋㄨㄣˊ
ｎｕｏ２,ㄋㄨㄛˊ
ｎｕｏ３,ㄋㄨㄛˇ
ｎｕｏ４,ㄋㄨㄛˋ
ｎｖ３,ㄋㄩˇ
ｎｖ４,ㄋㄩˋ
ｎｖｅ４,ㄋㄩㄝˋ
ｏ１,ㄛ
ｏ２,ㄛˊ
ｏ３,ㄛˇ
ｏｕ１,ㄡ
ｏｕ２,ㄡˊ
ｏｕ３,ㄡˇ
ｏｕ４,ㄡˋ
ｐａ１,ㄆㄚ
ｐａ２,ㄆㄚˊ
ｐａ４,ㄆㄚˋ
ｐａ５,˙ㄆㄚ
ｐａｉ１,ㄆㄞ
ｐａｉ２,ㄆㄞˊ
ｐａｉ３,ㄆㄞˇ
ｐａｉ４,ㄆㄞˋ
ｐａｉ５,˙ㄆㄞ
ｐａｎ１,ㄆㄢ
ｐａｎ２,ㄆㄢˊ
ｐａｎ４,ㄆㄢˋ
ｐａｎ５,˙ㄆㄢ
ｐａｎｇ１,ㄆㄤ
ｐａｎｇ２,ㄆㄤˊ
ｐａｎｇ３,ㄆㄤˇ
ｐａｎｇ４,ㄆㄤˋ
ｐａｏ１,ㄆㄠ
ｐａｏ２,ㄆㄠˊ
ｐａｏ３,ㄆㄠˇ
ｐａｏ４,ㄆㄠˋ
ｐｅｉ１,ㄆㄟ
ｐｅｉ２,ㄆㄟˊ
ｐｅｉ４,ㄆㄟˋ
ｐｅｎ１,ㄆㄣ
ｐｅｎ２,ㄆㄣˊ
ｐｅｎ４,ㄆㄣˋ
ｐｅｎｇ１,ㄆㄥ
ｐｅｎｇ２,ㄆㄥˊ
ｐｅｎｇ３,ㄆㄥˇ
ｐｅｎｇ４,ㄆㄥˋ
ｐｅｎｇ５,˙ㄆㄥ
ｐｉ１,ㄆㄧ
ｐｉ２,ㄆㄧˊ
ｐｉ３,ㄆㄧˇ
ｐｉ４,ㄆㄧˋ
ｐｉ５,˙ㄆㄧ
ｐｉａ１,ㄆㄧㄚ
ｐｉａｎ１,ㄆㄧㄢ
ｐｉａｎ２,ㄆㄧㄢˊ
ｐｉａｎ３,ㄆㄧㄢˇ
ｐｉａｎ４,ㄆㄧㄢˋ
ｐｉａｏ１,ㄆㄧㄠ
ｐｉａｏ２,ㄆㄧㄠˊ
ｐｉａｏ３,ㄆㄧㄠˇ
ｐｉａｏ４,ㄆㄧㄠˋ
ｐｉｅ１,ㄆㄧㄝ
ｐｉｅ３,ㄆㄧㄝˇ
ｐｉｅ４,ㄆㄧㄝˋ
ｐｉｎ１,ㄆㄧㄣ
ｐｉｎ２,ㄆㄧㄣˊ
ｐｉｎ３,ㄆㄧㄣˇ
ｐｉｎ４,ㄆㄧㄣˋ
ｐｉｎｇ１,ㄆㄧㄥ
ｐｉｎｇ２,ㄆㄧㄥˊ
ｐｉｎｇ４,ㄆㄧㄥˋ
ｐｏ１,ㄆㄛ
ｐｏ２,ㄆㄛˊ
ｐｏ３,ㄆㄛˇ
ｐｏ４,ㄆㄛˋ
ｐｏ５,˙ㄆㄛ
ｐｏｕ１,ㄆㄡ
ｐｏｕ２,ㄆㄡˊ
ｐｏｕ３,ㄆㄡˇ
ｐｕ１,ㄆㄨ
ｐｕ２,ㄆㄨˊ
ｐｕ３,ㄆㄨˇ
ｐｕ４,ㄆㄨˋ
ｑ５,˙ㄑ
ｑｉ１,ㄑㄧ
ｑｉ２,ㄑㄧˊ
ｑｉ３,ㄑㄧˇ
ｑｉ４,ㄑㄧˋ
ｑｉ５,˙ㄑㄧ
ｑｉａ１,ㄑㄧㄚ
ｑｉａ３,ㄑㄧㄚˇ
ｑｉａ４,ㄑㄧㄚˋ
ｑｉａｎ１,ㄑㄧㄢ
ｑｉａｎ２,ㄑㄧㄢˊ
ｑｉａｎ３,ㄑㄧㄢˇ
ｑｉａｎ４,ㄑㄧㄢˋ
ｑｉａｎ５,˙ㄑㄧㄢ
ｑｉａｎｇ１,ㄑㄧㄤ
ｑｉａｎｇ２,ㄑㄧㄤˊ
ｑｉａｎｇ３,ㄑㄧㄤˇ
ｑｉａｎｇ４,ㄑㄧㄤˋ
ｑｉａｎｇ５,˙ㄑㄧㄤ
ｑｉａｏ１,ㄑㄧㄠ
ｑｉａｏ２,ㄑㄧㄠˊ
ｑｉａｏ３,ㄑㄧㄠˇ
ｑｉａｏ４,ㄑㄧㄠˋ
ｑｉａｏ５,˙ㄑㄧㄠ
ｑｉｅ１,ㄑㄧㄝ
ｑｉｅ２,ㄑㄧㄝˊ
ｑｉｅ３,ㄑㄧㄝˇ
ｑｉｅ４,ㄑㄧㄝˋ
ｑｉｎ１,ㄑㄧㄣ
ｑｉｎ２,ㄑㄧㄣˊ
ｑｉｎ３,ㄑㄧㄣˇ
ｑｉｎ４,ㄑㄧㄣˋ
ｑｉｎｇ１,ㄑㄧㄥ
ｑｉｎｇ２,ㄑㄧㄥˊ
ｑｉｎｇ３,ㄑㄧㄥˇ
ｑｉｎｇ４,ㄑㄧㄥˋ
ｑｉｎｇ５,˙ㄑㄧㄥ
ｑｉｏｎｇ１,ㄑㄩㄥ
ｑｉｏｎｇ２,ㄑㄩㄥˊ
ｑｉｕ１,ㄑㄧㄡ
ｑｉｕ２,ㄑㄧㄡˊ
ｑｉｕ３,ㄑㄧㄡˇ
ｑｉｕ５,˙ㄑㄧㄡ
ｑｕ１,ㄑㄩ
ｑｕ２,ㄑㄩˊ
ｑｕ３,ㄑㄩˇ
ｑｕ４,ㄑㄩˋ
ｑｕ５,˙ㄑㄩ
ｑｕａｎ１,ㄑㄩㄢ
ｑｕａｎ２,ㄑㄩㄢˊ
ｑｕａｎ３,ㄑㄩㄢˇ
ｑｕａｎ４,ㄑㄩㄢˋ
ｑｕａｎ５,˙ㄑㄩㄢ
ｑｕｅ１,ㄑㄩㄝ
ｑｕｅ２,ㄑㄩㄝˊ
ｑｕｅ４,ㄑㄩㄝˋ
ｑｕｎ１,ㄑㄩㄣ
ｑｕｎ２,ㄑㄩㄣˊ
ｑｕｎ５,˙ㄑㄩㄣ
ｒａｎ２,ㄖㄢˊ
ｒａｎ３,ㄖㄢˇ
ｒａｎｇ１,ㄖㄤ
ｒａｎｇ２,ㄖㄤˊ
ｒａｎｇ３,ㄖㄤˇ
ｒａｎｇ４,ㄖㄤˋ
ｒａｏ２,ㄖㄠˊ
ｒａｏ３,ㄖㄠˇ
ｒａｏ４,ㄖㄠˋ
ｒｅ３,ㄖㄜˇ
ｒｅ４,ㄖㄜˋ
ｒｅ５,˙ㄖㄜ
ｒｅｎ２,ㄖㄣˊ
ｒｅｎ３,ㄖㄣˇ
ｒｅｎ４,ㄖㄣˋ
ｒｅｎ５,˙ㄖㄣ
ｒｅｎｇ１,ㄖㄥ
ｒｅｎｇ２,ㄖㄥˊ
ｒｅｎｇ３,ㄖㄥˇ
ｒｅｎｇ４,ㄖㄥˋ
ｒｉ４,ㄖˋ
ｒｏｎｇ２,ㄖㄨㄥˊ
ｒｏｎｇ３,ㄖㄨㄥˇ
ｒｏｎｇ５,˙ㄖㄨㄥ
ｒｏｕ２,ㄖㄡˊ
ｒｏｕ３,ㄖㄡˇ
ｒｏｕ４,ㄖㄡˋ
ｒｏｕ５,˙ㄖㄡ
ｒｕ２,ㄖㄨˊ
ｒｕ３,ㄖㄨˇ
ｒｕ４,ㄖㄨˋ
ｒｕａｎ２,ㄖㄨㄢˊ
ｒｕａｎ３,ㄖㄨㄢˇ
ｒｕｉ２,ㄖㄨㄟˊ
ｒｕｉ３,ㄖㄨㄟˇ
ｒｕｉ４,ㄖㄨㄟˋ
ｒｕｎ２,ㄖㄨㄣˊ
ｒｕｎ４,ㄖㄨㄣˋ
ｒｕｏ４,ㄖㄨㄛˋ
ｓａ１,ㄙㄚ
ｓａ３,ㄙㄚˇ
ｓａ４,ㄙㄚˋ
ｓａ５,˙ㄙㄚ
ｓａｉ１,ㄙㄞ
ｓａｉ２,ㄙㄞˊ
ｓａｉ４,ㄙㄞˋ
ｓａｎ１,ㄙㄢ
ｓａｎ３,ㄙㄢˇ
ｓａｎ４,ㄙㄢˋ
ｓａｎ５,˙ㄙㄢ
ｓａｎｇ１,ㄙㄤ
ｓａｎｇ３,ㄙㄤˇ
ｓａｎｇ４,ㄙㄤˋ
ｓａｎｇ５,˙ㄙㄤ
ｓａｏ１,ㄙㄠ
ｓａｏ３,ㄙㄠˇ
ｓａｏ４,ㄙㄠˋ
ｓａｏ５,˙ㄙㄠ
ｓｅ４,ㄙㄜˋ
ｓｅ５,˙ㄙㄜ
ｓｅｉ１,ㄙㄟ
ｓｅｎ１,ㄙㄣ
ｓｅｎｇ１,ㄙㄥ
ｓｈａ１,ㄕㄚ
ｓｈａ２,ㄕㄚˊ
ｓｈａ３,ㄕㄚˇ
ｓｈａ４,ㄕㄚˋ
ｓｈａ５,˙ㄕㄚ
ｓｈａｉ１,ㄕㄞ
ｓｈａｉ３,ㄕㄞˇ
ｓｈａｉ４,ㄕㄞˋ
ｓｈａｉ５,˙ㄕㄞ
ｓｈａｎ１,ㄕㄢ
ｓｈａｎ３,ㄕㄢˇ
ｓｈａｎ４,ㄕㄢˋ
ｓｈａｎ５,˙ㄕㄢ
ｓｈａｎｇ１,ㄕㄤ
ｓｈａｎｇ３,ㄕㄤˇ
ｓｈａｎｇ４,ㄕㄤˋ
ｓｈａｎｇ５,˙ㄕㄤ
ｓｈａｏ１,ㄕㄠ
ｓｈａｏ２,ㄕㄠˊ
ｓｈａｏ３,ㄕㄠˇ
ｓｈａｏ４,ㄕㄠˋ
ｓｈａｏ５,˙ㄕㄠ
ｓｈｅ１,ㄕㄜ
ｓｈｅ２,ㄕㄜˊ
ｓｈｅ３,ㄕㄜˇ
ｓｈｅ４,ㄕㄜˋ
ｓｈｅ５,˙ㄕㄜ
ｓｈｅｉ２,ㄕㄟˊ
ｓｈｅｎ１,ㄕㄣ
ｓｈｅｎ２,ㄕㄣˊ
ｓｈｅｎ３,ㄕㄣˇ
ｓｈｅｎ４,ㄕㄣˋ
ｓｈｅｎ５,˙ㄕㄣ
ｓｈｅｎｇ１,ㄕㄥ
ｓｈｅｎｇ２,ㄕㄥˊ
ｓｈｅｎｇ３,ㄕㄥˇ
ｓｈｅｎｇ４,ㄕㄥˋ
ｓｈｅｎｇ５,˙ㄕㄥ
ｓｈｉ１,ㄕ
ｓｈｉ２,ㄕˊ
ｓｈｉ３,ㄕˇ
ｓｈｉ４,ㄕˋ
ｓｈｉ５,˙ㄕ
ｓｈｏｕ１,ㄕㄡ
ｓｈｏｕ２,ㄕㄡˊ
ｓｈｏｕ３,ㄕㄡˇ
ｓｈｏｕ４,ㄕㄡˋ
ｓｈｏｕ５,˙ㄕㄡ
ｓｈｕ１,ㄕㄨ
ｓｈｕ２,ㄕㄨˊ
ｓｈｕ３,ㄕㄨˇ
ｓｈｕ４,ㄕㄨˋ
ｓｈｕ５,˙ㄕㄨ
ｓｈｕａ１,ㄕㄨㄚ
ｓｈｕａ３,ㄕㄨㄚˇ
ｓｈｕａ４,ㄕㄨㄚˋ
ｓｈｕａ５,˙ㄕㄨㄚ
ｓｈｕａｉ１,ㄕㄨㄞ
ｓｈｕａｉ３,ㄕㄨㄞˇ
ｓｈｕａｉ４,ㄕㄨㄞˋ
ｓｈｕａｎ１,ㄕㄨㄢ
ｓｈｕａｎ４,ㄕㄨㄢˋ
ｓｈｕａｎｇ１,ㄕㄨㄤ
ｓｈｕａｎｇ３,ㄕㄨㄤˇ
ｓｈｕａｎｇ４,ㄕㄨㄤˋ
ｓｈｕｉ２,ㄕㄨㄟˊ
ｓｈｕｉ３,ㄕㄨㄟˇ
ｓｈｕｉ４,ㄕㄨㄟˋ
ｓｈｕｉ５,˙ㄕㄨㄟ
ｓｈｕｎ３,ㄕㄨㄣˇ
ｓｈｕｎ４,ㄕㄨㄣˋ
ｓｈｕｎ５,˙ㄕㄨㄣ
ｓｈｕｏ１,ㄕㄨㄛ
ｓｈｕｏ４,ㄕㄨㄛˋ
ｓｈｕｏ５,˙ㄕㄨㄛ
ｓｉ１,ㄙ
ｓｉ３,ㄙˇ
ｓｉ４,ㄙˋ
ｓｉ５,˙ㄙ
ｓｏｎｇ１,ㄙㄨㄥ
ｓｏｎｇ２,ㄙㄨㄥˊ
ｓｏｎｇ３,ㄙㄨㄥˇ
ｓｏｎｇ４,ㄙㄨㄥˋ
ｓｏｎｇ５,˙ㄙㄨㄥ
ｓｏｕ１,ㄙㄡ
ｓｏｕ３,ㄙㄡˇ
ｓｏｕ４,ㄙㄡˋ
ｓｏｕ５,˙ㄙㄡ
ｓｕ１,ㄙㄨ
ｓｕ２,ㄙㄨˊ
ｓｕ４,ㄙㄨˋ
ｓｕ５,˙ㄙㄨ
ｓｕａｎ１,ㄙㄨㄢ
ｓｕａｎ３,ㄙㄨㄢˇ
ｓｕａｎ４,ㄙㄨㄢˋ
ｓｕａｎ５,˙ㄙㄨㄢ
ｓｕｉ１,ㄙㄨㄟ
ｓｕｉ２,ㄙㄨㄟˊ
ｓｕｉ３,ㄙㄨㄟˇ
ｓｕｉ４,ㄙㄨㄟˋ
ｓｕｉ５,˙ㄙㄨㄟ
ｓｕｎ１,ㄙㄨㄣ
ｓｕｎ３,ㄙㄨㄣˇ
ｓｕｎ４,ㄙㄨㄣˋ
ｓｕｏ１,ㄙㄨㄛ
ｓｕｏ２,ㄙㄨㄛˊ
ｓｕｏ３,ㄙㄨㄛˇ
ｓｕｏ４,ㄙㄨㄛˋ
ｓｕｏ５,˙ㄙㄨㄛ
ｔａ１,ㄊㄚ
ｔａ３,ㄊㄚˇ
ｔａ４,ㄊㄚˋ
ｔａ５,˙ㄊㄚ
ｔａｉ１,ㄊㄞ
ｔａｉ２,ㄊㄞˊ
ｔａｉ４,ㄊㄞˋ
ｔａｉ５,˙ㄊㄞ
ｔａｎ１,ㄊㄢ
ｔａｎ２,ㄊㄢˊ
ｔａｎ３,ㄊㄢˇ
ｔａｎ４,ㄊㄢˋ
ｔａｎ５,˙ㄊㄢ
ｔａｎｇ１,ㄊㄤ
ｔａｎｇ２,ㄊㄤˊ
ｔａｎｇ３,ㄊㄤˇ
ｔａｎｇ４,ㄊㄤˋ
ｔａｎｇ５,˙ㄊㄤ
ｔａｏ１,ㄊㄠ
ｔａｏ２,ㄊㄠˊ
ｔａｏ３,ㄊㄠˇ
ｔａｏ４,ㄊㄠˋ
ｔａｏ５,˙ㄊㄠ
ｔｅ４,ㄊㄜˋ
ｔｅｎｇ１,ㄊㄥ
ｔｅｎｇ２,ㄊㄥˊ
ｔｅｎｇ５,˙ㄊㄥ
ｔｉ１,ㄊㄧ
ｔｉ２,ㄊㄧˊ
ｔｉ３,ㄊㄧˇ
ｔｉ４,ㄊㄧˋ
ｔｉ５,˙ㄊㄧ
ｔｉａｎ１,ㄊㄧㄢ
ｔｉａｎ２,ㄊㄧㄢˊ
ｔｉａｎ３,ㄊㄧㄢˇ
ｔｉａｎ４,ㄊㄧㄢˋ
ｔｉａｎ５,˙ㄊㄧㄢ
ｔｉａｏ１,ㄊㄧㄠ
ｔｉａｏ２,ㄊㄧㄠˊ
ｔｉａｏ３,ㄊㄧㄠˇ
ｔｉａｏ４,ㄊㄧㄠˋ
ｔｉａｏ５,˙ㄊㄧㄠ
ｔｉｅ１,ㄊㄧㄝ
ｔｉｅ３,ㄊㄧㄝˇ
ｔｉｅ４,ㄊㄧㄝˋ
ｔｉｅ５,˙ㄊㄧㄝ
ｔｉｎｇ１,ㄊㄧㄥ
ｔｉｎｇ２,ㄊㄧㄥˊ
ｔｉｎｇ３,ㄊㄧㄥˇ
ｔｉｎｇ４,ㄊㄧㄥˋ
ｔｉｎｇ５,˙ㄊㄧㄥ
ｔｏｎｇ１,ㄊㄨㄥ
ｔｏｎｇ２,ㄊㄨㄥˊ
ｔｏｎｇ３,ㄊㄨㄥˇ
ｔｏｎｇ４,ㄊㄨㄥˋ
ｔｏｎｇ５,˙ㄊㄨㄥ
ｔｏｕ１,ㄊㄡ
ｔｏｕ２,ㄊㄡˊ
ｔｏｕ３,ㄊㄡˇ
ｔｏｕ４,ㄊㄡˋ
ｔｏｕ５,˙ㄊㄡ
ｔｕ１,ㄊㄨ
ｔｕ２,ㄊㄨˊ
ｔｕ３,ㄊㄨˇ
ｔｕ４,ㄊㄨˋ
ｔｕ５,˙ㄊㄨ
ｔｕａｎ１,ㄊㄨㄢ
ｔｕａｎ２,ㄊㄨㄢˊ
ｔｕａｎ３,ㄊㄨㄢˇ
ｔｕａｎ４,ㄊㄨㄢˋ
ｔｕｉ１,ㄊㄨㄟ
ｔｕｉ２,ㄊㄨㄟˊ
ｔｕｉ３,ㄊㄨㄟˇ
ｔｕｉ４,ㄊㄨㄟˋ
ｔｕｎ１,ㄊㄨㄣ
ｔｕｎ２,ㄊㄨㄣˊ
ｔｕｎ３,ㄊㄨㄣˇ
ｔｕｎ４,ㄊㄨㄣˋ
ｔｕｏ１,ㄊㄨㄛ
ｔｕｏ２,ㄊㄨㄛˊ
ｔｕｏ３,ㄊㄨㄛˇ
ｔｕｏ４,ㄊㄨㄛˋ
ｔｕｏ５,˙ㄊㄨㄛ
ｗａ１,ㄨㄚ
ｗａ２,ㄨㄚˊ
ｗａ３,ㄨㄚˇ
ｗａ４,ㄨㄚˋ
ｗａ５,˙ㄨㄚ
ｗａｉ１,ㄨㄞ
ｗａｉ３,ㄨㄞˇ
ｗａｉ４,ㄨㄞˋ
ｗａｉ５,˙ㄨㄞ
ｗａｎ１,ㄨㄢ
ｗａｎ２,ㄨㄢˊ
ｗａｎ３,ㄨㄢˇ
ｗａｎ４,ㄨㄢˋ
ｗａｎｇ１,ㄨㄤ
ｗａｎｇ２,ㄨㄤˊ
ｗａｎｇ３,ㄨㄤˇ
ｗａｎｇ４,ㄨㄤˋ
ｗａｎｇ５,˙ㄨㄤ
ｗｅｉ１,ㄨㄟ
ｗｅｉ２,ㄨㄟˊ
ｗｅｉ３,ㄨㄟˇ
ｗｅｉ４,ㄨㄟˋ
ｗｅｉ５,˙ㄨㄟ
ｗｅｎ１,ㄨㄣ
ｗｅｎ２,ㄨㄣˊ
ｗｅｎ３,ㄨㄣˇ
ｗｅｎ４,ㄨㄣˋ
ｗｅｎ５,˙ㄨㄣ
ｗｅｎｇ１,ㄨㄥ
ｗｅｎｇ３,ㄨㄥˇ
ｗｅｎｇ４,ㄨㄥˋ
ｗｏ１,ㄨㄛ
ｗｏ３,ㄨㄛˇ
ｗｏ４,ㄨㄛˋ
ｗｏ５,˙ㄨㄛ
ｗｕ１,ㄨ
ｗｕ２,ㄨˊ
ｗｕ３,ㄨˇ
ｗｕ４,ㄨˋ
ｗｕ５,˙ㄨ
ｘｉ１,ㄒㄧ
ｘｉ２,ㄒㄧˊ
ｘｉ３,ㄒㄧˇ
ｘｉ４,ㄒㄧˋ
ｘｉ５,˙ㄒㄧ
ｘｉａ１,ㄒㄧㄚ
ｘｉａ２,ㄒㄧㄚˊ
ｘｉａ４,ㄒㄧㄚˋ
ｘｉａ５,˙ㄒㄧㄚ
ｘｉａｎ１,ㄒㄧㄢ
ｘｉａｎ２,ㄒㄧㄢˊ
ｘｉａｎ３,ㄒㄧㄢˇ
ｘｉａｎ４,ㄒㄧㄢˋ
ｘｉａｎ５,˙ㄒㄧㄢ
ｘｉａｎｇ１,ㄒㄧㄤ
ｘｉａｎｇ２,ㄒㄧㄤˊ
ｘｉａｎｇ３,ㄒㄧㄤˇ
ｘｉａｎｇ４,ㄒㄧㄤˋ
ｘｉａｎｇ５,˙ㄒㄧㄤ
ｘｉａｏ１,ㄒㄧㄠ
ｘｉａｏ２,ㄒㄧㄠˊ
ｘｉａｏ３,ㄒㄧㄠˇ
ｘｉａｏ４,ㄒㄧㄠˋ
ｘｉａｏ５,˙ㄒㄧㄠ
ｘｉｅ１,ㄒㄧㄝ
ｘｉｅ２,ㄒㄧㄝˊ
ｘｉｅ３,ㄒㄧㄝˇ
ｘｉｅ４,ㄒㄧㄝˋ
ｘｉｅ５,˙ㄒㄧㄝ
ｘｉｎ１,ㄒㄧㄣ
ｘｉｎ２,ㄒㄧㄣˊ
ｘｉｎ３,ㄒㄧㄣˇ
ｘｉｎ４,ㄒㄧㄣˋ
ｘｉｎ５,˙ㄒㄧㄣ
ｘｉｎｇ１,ㄒㄧㄥ
ｘｉｎｇ２,ㄒㄧㄥˊ
ｘｉｎｇ３,ㄒㄧㄥˇ
ｘｉｎｇ４,ㄒㄧㄥˋ
ｘｉｎｇ５,˙ㄒㄧㄥ
ｘｉｏｎｇ１,ㄒㄩㄥ
ｘｉｏｎｇ２,ㄒㄩㄥˊ
ｘｉｏｎｇ４,ㄒㄩㄥˋ
ｘｉｏｎｇ５,˙ㄒㄩㄥ
ｘｉｕ１,ㄒㄧㄡ
ｘｉｕ３,ㄒㄧㄡˇ
ｘｉｕ４,ㄒㄧㄡˋ
ｘｕ１,ㄒㄩ
ｘｕ２,ㄒㄩˊ
ｘｕ３,ㄒㄩˇ
ｘｕ４,ㄒㄩˋ
ｘｕ５,˙ㄒㄩ
ｘｕａｎ１,ㄒㄩㄢ
ｘｕａｎ２,ㄒㄩㄢˊ
ｘｕａｎ３,ㄒㄩㄢˇ
ｘｕａｎ４,ㄒㄩㄢˋ
ｘｕａｎ５,˙ㄒㄩㄢ
ｘｕｅ１,ㄒㄩㄝ
ｘｕｅ２,ㄒㄩㄝˊ
ｘｕｅ３,ㄒㄩㄝˇ
ｘｕｅ４,ㄒㄩㄝˋ
ｘｕｎ１,ㄒㄩㄣ
ｘｕｎ２,ㄒㄩㄣˊ
ｘｕｎ４,ㄒㄩㄣˋ
ｘｕｎ５,˙ㄒㄩㄣ
ｙａ１,ㄧㄚ
ｙａ２,ㄧㄚˊ
ｙａ３,ㄧㄚˇ
ｙａ４,ㄧㄚˋ
ｙａｉ２,ㄧㄞˊ
ｙａｎ１,ㄧㄢ
ｙａｎ２,ㄧㄢˊ
ｙａｎ３,ㄧㄢˇ
ｙａｎ４,ㄧㄢˋ
ｙａｎ５,˙ㄧㄢ
ｙａｎｇ１,ㄧㄤ
ｙａｎｇ２,ㄧㄤˊ
ｙａｎｇ３,ㄧㄤˇ
ｙａｎｇ４,ㄧㄤˋ
ｙａｎｇ５,˙ㄧㄤ
ｙａｏ１,ㄧㄠ
ｙａｏ２,ㄧㄠˊ
ｙａｏ３,ㄧㄠˇ
ｙａｏ４,ㄧㄠˋ
ｙａｏ５,˙ㄧㄠ
ｙｅ１,ㄧㄝ
ｙｅ２,ㄧㄝˊ
ｙｅ３,ㄧㄝˇ
ｙｅ４,ㄧㄝˋ
ｙｅ５,˙ㄧㄝ
ｙｉ１,ㄧ
ｙｉ２,ㄧˊ
ｙｉ３,ㄧˇ
ｙｉ４,ㄧˋ
ｙｉ５,˙ㄧ
ｙｉｎ１,ㄧㄣ
ｙｉｎ２,ㄧㄣˊ
ｙｉｎ３,ㄧㄣˇ
ｙｉｎ４,ㄧㄣˋ
ｙｉｎｇ１,ㄧㄥ
ｙｉｎｇ２,ㄧㄥˊ
ｙｉｎｇ３,ㄧㄥˇ
ｙｉｎｇ４,ㄧㄥˋ
ｙｉｎｇ５,˙ㄧㄥ
ｙｏ１,ㄧㄛ
ｙｏｎｇ１,ㄩㄥ
ｙｏｎｇ２,ㄩㄥˊ
ｙｏｎｇ３,ㄩㄥˇ
ｙｏｎｇ４,ㄩㄥˋ
ｙｏｎｇ５,˙ㄩㄥ
ｙｏｕ１,ㄧㄡ
ｙｏｕ２,ㄧㄡˊ
ｙｏｕ３,ㄧㄡˇ
ｙｏｕ４,ㄧㄡˋ
ｙｏｕ５,˙ㄧㄡ
ｙｕ１,ㄩ
ｙｕ２,ㄩˊ
ｙｕ３,ㄩˇ
ｙｕ４,ㄩˋ
ｙｕ５,˙ㄩ
ｙｕａｎ１,ㄩㄢ
ｙｕａｎ２,ㄩㄢˊ
ｙｕａｎ３,ㄩㄢˇ
ｙｕａｎ４,ㄩㄢˋ
ｙｕａｎ５,˙ㄩㄢ
ｙｕｅ１,ㄩㄝ
ｙｕｅ４,ㄩㄝˋ
ｙｕｅ５,˙ㄩㄝ
ｙｕｎ１,ㄩㄣ
ｙｕｎ２,ㄩㄣˊ
ｙｕｎ３,ㄩㄣˇ
ｙｕｎ４,ㄩㄣˋ
ｚａ１,ㄗㄚ
ｚａ２,ㄗㄚˊ
ｚａｉ１,ㄗㄞ
ｚａｉ３,ㄗㄞˇ
ｚａｉ４,ㄗㄞˋ
ｚａｎ１,ㄗㄢ
ｚａｎ２,ㄗㄢˊ
ｚａｎ３,ㄗㄢˇ
ｚａｎ４,ㄗㄢˋ
ｚａｎ５,˙ㄗㄢ
ｚａｎｇ１,ㄗㄤ
ｚａｎｇ３,ㄗㄤˇ
ｚａｎｇ４,ㄗㄤˋ
ｚａｏ１,ㄗㄠ
ｚａｏ２,ㄗㄠˊ
ｚａｏ３,ㄗㄠˇ
ｚａｏ４,ㄗㄠˋ
ｚａｏ５,˙ㄗㄠ
ｚｅ２,ㄗㄜˊ
ｚｅ３,ㄗㄜˇ
ｚｅ４,ㄗㄜˋ
ｚｅｉ２,ㄗㄟˊ
ｚｅｎ１,ㄗㄣ
ｚｅｎ３,ㄗㄣˇ
ｚｅｎ４,ㄗㄣˋ
ｚｅｎｇ１,ㄗㄥ
ｚｅｎｇ４,ㄗㄥˋ
ｚｈａ１,ㄓㄚ
ｚｈａ２,ㄓㄚˊ
ｚｈａ３,ㄓㄚˇ
ｚｈａ４,ㄓㄚˋ
ｚｈａ５,˙ㄓㄚ
ｚｈａｉ１,ㄓㄞ
ｚｈａｉ２,ㄓㄞˊ
ｚｈａｉ３,ㄓㄞˇ
ｚｈａｉ４,ㄓㄞˋ
ｚｈａｎ１,ㄓㄢ
ｚｈａｎ３,ㄓㄢˇ
ｚｈａｎ４,ㄓㄢˋ
ｚｈａｎｇ１,ㄓㄤ
ｚｈａｎｇ３,ㄓㄤˇ
ｚｈａｎｇ４,ㄓㄤˋ
ｚｈａｎｇ５,˙ㄓㄤ
ｚｈａｏ１,ㄓㄠ
ｚｈａｏ２,ㄓㄠˊ
ｚｈａｏ３,ㄓㄠˇ
ｚｈａｏ４,ㄓㄠˋ
ｚｈａｏ５,˙ㄓㄠ
ｚｈｅ１,ㄓㄜ
ｚｈｅ２,ㄓㄜˊ
ｚｈｅ３,ㄓㄜˇ
ｚｈｅ４,ㄓㄜˋ
ｚｈｅ５,˙ㄓㄜ
ｚｈｅｉ４,ㄓㄟˋ
ｚｈｅｎ１,ㄓㄣ
ｚｈｅｎ３,ㄓㄣˇ
ｚｈｅｎ４,ㄓㄣˋ
ｚｈｅｎｇ１,ㄓㄥ
ｚｈｅｎｇ３,ㄓㄥˇ
ｚｈｅｎｇ４,ㄓㄥˋ
ｚｈｅｎｇ５,˙ㄓㄥ
ｚｈｉ１,ㄓ
ｚｈｉ２,ㄓˊ
ｚｈｉ３,ㄓˇ
ｚｈｉ４,ㄓˋ
ｚｈｉ５,˙ㄓ
ｚｈｏｎｇ１,ㄓㄨㄥ
ｚｈｏｎｇ３,ㄓㄨㄥˇ
ｚｈｏｎｇ４,ㄓㄨㄥˋ
ｚｈｏｎｇ５,˙ㄓㄨㄥ
ｚｈｏｕ１,ㄓㄡ
ｚｈｏｕ２,ㄓㄡˊ
ｚｈｏｕ３,ㄓㄡˇ
ｚｈｏｕ４,ㄓㄡˋ
ｚｈｏｕ５,˙ㄓㄡ
ｚｈｕ１,ㄓㄨ
ｚｈｕ２,ㄓㄨˊ
ｚｈｕ３,ㄓㄨˇ
ｚｈｕ４,ㄓㄨˋ
ｚｈｕ５,˙ㄓㄨ
ｚｈｕａ１,ㄓㄨㄚ
ｚｈｕａ３,ㄓㄨㄚˇ
ｚｈｕａ５,˙ㄓㄨㄚ
ｚｈｕａｉ１,ㄓㄨㄞ
ｚｈｕａｉ３,ㄓㄨㄞˇ
ｚｈｕａｉ４,ㄓㄨㄞˋ
ｚｈｕａｎ１,ㄓㄨㄢ
ｚｈｕａｎ３,ㄓㄨㄢˇ
ｚｈｕａｎ４,ㄓㄨㄢˋ
ｚｈｕａｎ５,˙ㄓㄨㄢ
ｚｈｕａｎｇ１,ㄓㄨㄤ
ｚｈｕａｎｇ３,ㄓㄨㄤˇ
ｚｈｕａｎｇ４,ㄓㄨㄤˋ
ｚｈｕａｎｇ５,˙ㄓㄨㄤ
ｚｈｕｉ１,ㄓㄨㄟ
ｚｈｕｉ４,ㄓㄨㄟˋ
ｚｈｕｉ５,˙ㄓㄨㄟ
ｚｈｕｎ１,ㄓㄨㄣ
ｚｈｕｎ３,ㄓㄨㄣˇ
ｚｈｕｎ４,ㄓㄨㄣˋ
ｚｈｕｏ１,ㄓㄨㄛ
ｚｈｕｏ２,ㄓㄨㄛˊ
ｚｈｕｏ５,˙ㄓㄨㄛ
ｚｉ１,ㄗ
ｚｉ３,ㄗˇ
ｚｉ４,ㄗˋ
ｚｉ５,˙ㄗ
ｚｏｎｇ１,ㄗㄨㄥ
ｚｏｎｇ３,ㄗㄨㄥˇ
ｚｏｎｇ４,ㄗㄨㄥˋ
ｚｏｕ１,ㄗㄡ
ｚｏｕ３,ㄗㄡˇ
ｚｏｕ４,ㄗㄡˋ
ｚｕ１,ㄗㄨ
ｚｕ２,ㄗㄨˊ
ｚｕ３,ㄗㄨˇ
ｚｕ４,ㄗㄨˋ
ｚｕａｎ１,ㄗㄨㄢ
ｚｕａｎ３,ㄗㄨㄢˇ
ｚｕａｎ４,ㄗㄨㄢˋ
ｚｕｉ１,ㄗㄨㄟ
ｚｕｉ３,ㄗㄨㄟˇ
ｚｕｉ４,ㄗㄨㄟˋ
ｚｕｎ１,ㄗㄨㄣ
ｚｕｎ３,ㄗㄨㄣˇ
ｚｕｎ４,ㄗㄨㄣˋ
ｚｕｏ１,ㄗㄨㄛ
ｚｕｏ２,ㄗㄨㄛˊ
ｚｕｏ３,ㄗㄨㄛˇ
ｚｕｏ４,ㄗㄨㄛˋ
ｚｕｏ５,˙ㄗㄨㄛ
